"CountryName","PopTotal2020","PopTotal2030","BaseHC2030","RegionCode","PlusOneHC2030","MinusOneHC2030","BaseHC2020","pop2030","pop2020","basepoorpop","plusonepop","minusonepop","basepoorpop2020","frag"
"Afghanistan",38054.941,46699.545,141,"SAS",,,,46.699545,38.054941,6584.635845,,,,1
"Albania",2942.034,2933.419,1,"ECA",0.00111321,0.001769613,0.001319179,2.933419,2.942034,2.933419,0.00326551136499,0.005191016396847,0.003881069470086,0
"Algeria",43333.255,48821.963,2,"MNA",0.001288555,0.002078928,0.001621158,48.821963,43.333255,97.643926,0.062909784533465,0.101497345895664,0.07025005300929,0
"Andorra",77.184,78.154,,"OHI",,,,0.078154,0.077184,,,,,0
"Angola",32827.401,44712.282,3,"SSA",0.1671618,0.2717862,0.2169927,44.712282,32.827401,134.136846,7.4741855412276,12.1521812181084,7.1233063769727,1
"Antigua and Barbuda",105.11,114.608,,"OHI",,,,0.114608,0.10511,,,,,0
"Argentina",45510.399,49323.306,4,"LAC",0.004285598,0.005819186,0.004961057,49.323306,45.510399,197.293224,0.211379861546988,0.287021491748916,0.225779683531743,0
"Armenia",2938.679,2907.463,5,"ECA",0.001496771,0.002106581,0.001744093,2.907463,2.938679,14.537315,0.004351806301973,0.006124806314003,0.005125329473147,0
"Aruba",106.438,109.377,,"OHI",,,,0.109377,0.106438,,,,,0
"Australia",25398.177,28234.742,6,"OHI",0.002470975,0.004980354,0.002470975,28.234742,25.398177,169.408452,0.06976734161345,0.140619010258668,0.062758260412575,0
"Austria",8782.21,8945.882,7,"OHI",0.004944102,0.007479796,0.004944102,8.945882,8.78221,62.621174,0.044229353087964,0.066913372400072,0.04342014202542,0
"Azerbaijan",10099.743,10680.202,8,"ECA",0,0,0,10.680202,10.099743,85.441616,0,0,0,0
"Bahamas",406.839,439.896,,"OHI",,,,0.439896,0.406839,,,,,0
"Bahrain",1697.765,2013.135,,"OHI",,,,2.013135,1.697765,,,,,0
"Bangladesh",169775.309,185584.811,9,"SAS",0.0002216147,0.0008605982,0.0003480127,185.584811,169.775309,1670.263299,0.0411283222143217,0.15971395429394,0.0590839636784243,1
"Barbados",287.568,290.01,,"OHI",,,,0.29001,0.287568,,,,,0
"Belarus",9415.431,9163.118,8,"ECA",0,0,0,9.163118,9.415431,73.304944,0,0,0,0
"Belgium",11619.972,12001.594,8,"OHI",0,0,0,12.001594,11.619972,96.012752,0,0,0,0
"Belize",398.007,472.702,10,"LAC",0.08407703,0.1167539,0.09710131,0.472702,0.398007,4.72702,0.03974338023506,0.0551898020378,0.03864700108917,0
"Benin",12122.985,15628.437,11,"SSA",0.1780184,0.2057407,0.1900401,15.628437,12.122985,171.912807,2.7821493492408,3.2154055682859,2.3038532816985,0
"Bermuda",60.639,59.273,,"OHI",,,,0.059273,0.060639,,,,,0
"Bhutan",835.245,913.697,12,"SAS",0.0002434446,0.0002434446,0.0002434446,0.913697,0.835245,10.964364,0.0002224346006862,0.0002224346006862,0.000203335884927,0
"Bolivia",11543.982,13158.072,13,"LAC",0.02579562,0.03217003,0.0279565,13.158072,11.543982,171.054936,0.33942062524464,0.42329557098216,0.322729332783,0
"Bosnia and Herzegovina",3498.21,3404.781,14,"ECA",0.0007727088,0.0007727088,0.0007727088,3.404781,3.49821,47.666934,0.0026309042407728,0.0026309042407728,0.002703097651248,0
"Botswana",2415.766,2800.433,15,"SSA",0.03372511,0.05973893,0.04412851,2.800433,2.415766,42.006495,0.09444491097263,0.16729487095669,0.10660415408866,0
"Brazil",213863.046,225472.214,16,"LAC",0.0260869,0.03912368,0.03208902,225.472214,213.863046,3607.555424,5.8818710993966,8.82130274942752,6.86265556035492,0
"Brunei Darussalam",444.519,489.666,,"OHI",,,,0.489666,0.444519,,,,,0
"Bulgaria",6940.527,6430.847,17,"ECA",0.004927685,0.004927685,0.004927685,6.430847,6.940527,109.324399,0.031689188299195,0.031689188299195,0.034200730789995,0
"Burkina Faso",20903.345,27382.488,18,"SSA",0.004243535,0.0292129,0.0110739,27.382488,20.903345,492.884784,0.11619854621508,0.7999218836952,0.2314815521955,1
"Burundi",11939.227,15798.849,19,"SSA",0.7312622,0.8248585,0.7803589,15.798849,11.939227,300.178131,11.5531010772078,13.0318148878665,9.3168820485703,1
"Cabo Verde",567.348,635.072,20,"SSA",0.008623117,0.01701126,0.01106806,0.635072,0.567348,12.70144,0.005476300159424,0.01080337491072,0.00627944170488,0
"Cambodia",16715.508,18797.878,,"EAP",,,,18.797878,16.715508,,,,,0
"Cameroon",25958.184,32979.644,21,"SSA",0.03242747,0.0675205,0.04967058,32.979644,25.958184,692.572524,1.06944641642068,2.226802052702,1.28935805502672,1
"Canada",37603.205,40617.535,22,"OHI",0.002473669,0.002473669,0.002473669,40.617535,37.603205,893.58577,0.100474337185915,0.100474337185915,0.093017882509145,0
"Central African Republic",4920.889,6123.615,23,"SSA",0.4324454,0.545306,0.4946765,6.123615,4.920889,140.843145,2.648129138121,3.33924400119,2.4342481474085,1
"Chad",16285.093,21459.963,24,"SSA",0.2251677,0.3162632,0.2661198,21.459963,16.285093,515.039112,4.8320905107951,6.7869965702616,4.3337856921414,1
"Chile",18472.639,19637.321,25,"LAC",0.008265598,0.01006687,0.009026004,19.637321,18.472639,490.933025,0.162314201182958,0.19768635765527,0.166734113504556,0
"China",1424548.266,1441181.813,26,"EAP",0.0003654194,0.0005337907,0.000439683,1441.181813,1424.548266,37470.727138,0.526635793397372,0.769289448788539,0.626349655239678,0
"China, Taiwan Province of China",23817.905,24150.708,,"OHI",,,,24.150708,23.817905,,,,,
"Colombia",50220.412,53134.127,27,"LAC",0.01753504,0.02573365,0.02157975,53.134127,50.220412,1434.621429,0.93170904231008,1.36733502727355,1.083743935857,0
"Comoros",869.601,1061.775,28,"SSA",0.08129968,0.127484,0.09690667,1.061775,0.869601,29.7297,0.086321967732,0.1353593241,0.08427013713867,1
"Congo, Republic of",5686.917,7318.887,30,"SSA",0.3092581,0.4055169,0.353223,7.318887,5.686917,219.56661,2.2634250877347,2.9679323676903,2.008749883491,1
"Cook Islands",17.515,17.861,,"EAP",,,,0.017861,0.017515,,,,,
"Costa Rica",5044.179,5417.379,31,"LAC",0.005676741,0.006895467,0.00625209,5.417379,5.044179,167.938749,0.030753057481839,0.037355358120993,0.03153666108411,0
"Cote d'Ivoire",26171.75,33337.306,32,"SSA",0.01718598,0.03039214,0.0226721,33.337306,26.17175,1066.793792,0.57293427416988,1.01319207117484,0.593368533175,1
"Croatia",4115.947,3895.784,33,"ECA",0.004952592,0.004952592,0.004952592,3.895784,4.115947,128.560872,0.019294228672128,0.019294228672128,0.020384606184624,0
"Cuba",11495.492,11496,,"LAC",,,,11.496,11.495492,,,,,0
"Cyprus",1207.343,1282.204,8,"OHI",0,0,0,1.282204,1.207343,10.257632,0,0,0,0
"Czech Republic",10633.424,10528.196,8,"ECA",0,0,0,10.528196,10.633424,84.225568,0,0,0,0
"Dem. People's Republic of Korea",25840.863,26743.895,,"EAP",,,,26.743895,25.840863,,,,,
"Congo, Democratic Republic of",89505.201,120442.943,29,"SSA",0.3315104,0.4598485,0.3914464,120.442943,89.505201,3492.845347,39.9280882111072,55.3855066741355,35.0364887127264,1
"Denmark",5796.8,6024.516,34,"OHI",0.002117451,0.002117451,0.002117451,6.024516,5.7968,204.833544,0.012756617428716,0.012756617428716,0.0122744399568,0
"Djibouti",999.899,1132.71,35,"MNA",0.02610933,0.03514298,0.03081654,1.13271,0.999899,39.64485,0.0295742991843,0.0398068048758,0.03081342752946,1
"Dominica",75.052,77.593,,"OHI",,,,0.077593,0.075052,,,,,0
"Dominican Republic",11108.358,12098.32,36,"LAC",0.001364814,0.001659902,0.001596853,12.09832,11.108358,435.53952,0.01651195651248,0.02008202556464,0.017738414797374,0
"Ecuador",17335.642,19554.856,37,"LAC",0.02124887,0.03280969,0.02641115,19.554856,17.335642,723.529672,0.41551859301272,0.64158876335464,0.4578542412083,0
"Egypt, Arab Republic of",102941.484,119745.677,38,"MNA",0,0.0002953394,0.0002953394,119.745677,102.941484,4550.335726,0,0.0353656163977738,0.0304026761196696,1
"El Salvador",6479.066,6785.583,39,"LAC",0.002958925,0.007972332,0.00464819,6.785583,6.479066,264.637737,0.020078031178275,0.054096920489556,0.03011592979054,0
"Equatorial Guinea",1406.28,1871.22,,"SSA",,,,1.87122,1.40628,,,,,1
"Eritrea",5432.216,6717.687,,"SSA",,,,6.717687,5.432216,,,,,1
"Estonia",1300.559,1253.59,40,"ECA",0.00469465,0.00469465,0.00469465,1.25359,1.300559,50.1436,0.0058851662935,0.0058851662935,0.00610566930935,0
"Ethiopia",112759.07,139620.178,42,"SSA",0.001998831,0.005866231,0.003618885,139.620178,112.75907,5864.047476,0.279077140011918,0.819044216409118,0.40806210703695,1
"Fiji",924.915,970.27,43,"EAP",0.0003736218,0.001903606,0.0008744438,0.97027,0.924915,41.72161,0.000362514023886,0.00184701179362,0.000808786187277,0
"Finland",5580.127,5739.095,8,"OHI",0,0,0,5.739095,5.580127,45.91276,0,0,0,0
"France",65721.165,67894.271,8,"OHI",0,0,0,67.894271,65.721165,543.154168,0,0,0,0
"Gabon",2151.289,2593.514,44,"SSA",0.006818465,0.01353165,0.009786744,2.593514,2.151289,114.114616,0.01768378443601,0.0350945237181,0.021054114713016,0
"Gambia, The",2293.493,3000.667,45,"SSA",0.006358175,0.01805891,0.01232829,3.000667,2.293493,135.030015,0.019078765902725,0.05418877529297,0.02827484681697,1
"Georgia",3898.529,3748.35,46,"ECA",0.003700413,0.008283656,0.004773395,3.74835,3.898529,172.4241,0.01387044306855,0.0310500419676,0.018609218835955,0
"Germany",82540.45,82186.736,8,"OHI",0,0,0,82.186736,82.54045,657.493888,0,0,0,0
"Ghana",30733.755,37294.019,47,"SSA",0.009446639,0.0193345,0.01340291,37.294019,30.733755,1752.818893,0.352303134352141,0.7210612103555,0.41192175222705,0
"Greece",11102.572,10783.625,48,"OHI",0.009988616,0.01249596,0.01249596,10.783625,11.102572,517.614,0.107713489213,0.134751746655,0.13873729560912,0
"Guatemala",17910.812,21202.726,49,"LAC",0.01762229,0.0294526,0.02232545,21.202726,17.910812,1038.933574,0.37364058636254,0.6244754077876,0.3998669377654,1
"Guinea",13750.826,17631.38,50,"SSA",0.01521358,0.03223589,0.02285685,17.63138,13.750826,881.569,0.2682364101404,0.5683632262282,0.3143005672581,1
"Guinea-Bissau",2000.694,2492.58,51,"SSA",0.186015,0.2915679,0.2356333,2.49258,2.000694,127.12158,0.4636572687,0.726756316182,0.4714301295102,1
"Guyana",790.782,824.982,8,"LAC",0,0,0,0.824982,0.790782,6.599856,0,0,0,0
"Haiti",11371.185,12543.964,52,"LAC",0.09914859,0.1688288,0.1321154,12.543964,11.371185,652.286128,1.24371634361076,2.1177823893632,1.502308654749,1
"Holy See",0.801,0.797,,"OHI",,,,0.000797,0.000801,,,,,
"Honduras",9719.265,11147.351,53,"LAC",0.04369803,0.07074213,0.05808717,11.147351,9.719265,590.809603,0.48711727841853,0.78858735359763,0.56456459833005,1
"Hungary",9621.254,9235.459,54,"ECA",0.002467752,0.004902724,0.004902724,9.235459,9.621254,498.714786,0.022790822418168,0.045278906490316,0.047170352895896,0
"Iceland",343.228,365.646,8,"OHI",0,0,0,0.365646,0.343228,2.925168,0,0,0,0
"India",1383197.753,1512985.207,55,"SAS",0.0001996838,0.0006753139,0.000323652,1512.985207,1383.197753,83214.186385,0.302118635477547,1.02173994078148,0.447674719153956,0
"Indonesia",272222.987,295595.234,56,"EAP",0.0001495574,0.001481105,0.0005159971,295.595234,272.222987,16553.333104,0.0442084546494316,0.43780757905357,0.140466271845338,0
"Iran, Islamic Republic of",83587.129,88863.308,57,"MNA",0.0004573426,0.0009718287,0.0005942279,88.863308,83.587129,5065.208556,0.0406409763253208,0.0863599130913396,0.0496698041326991,1
"Iraq",41502.885,53297.666,58,"MNA",0.0002075588,0.001615318,0.000569742,53.297666,41.502885,3091.264628,0.0110623995977608,0.086092679247788,0.02364593670567,1
"Ireland",4887.992,5219.951,59,"OHI",0.00229269,0.00229269,0.00229269,5.219951,4.887992,307.977109,0.01196772945819,0.01196772945819,0.01120665037848,0
"Israel",8713.559,9983.645,60,"OHI",0.001981409,0.004834883,0.004834883,9.983645,8.713559,599.0187,0.019781684055805,0.048269755488535,0.042129038278597,0
"Italy",59132.073,58109.918,61,"OHI",0.01748613,0.01998616,0.01748613,58.109918,59.132073,3544.704998,1.01611758043734,1.16139411873488,1.03399111564749,0
"Jamaica",2913.16,2932.629,62,"LAC",0.007852581,0.01434513,0.009334959,2.932629,2.91316,181.822998,0.023028706765449,0.04206894424677,0.02719422916044,0
"Japan",126495.647,121580.505,63,"OHI",0.00220788,0.00220788,0.00220788,121.580505,126.495647,7659.571815,0.2684351653794,0.2684351653794,0.27928720909836,0
"Jordan",10208.662,11122.063,64,"MNA",0.0004085488,0.001027426,0.0004600598,11.122063,10.208662,711.812032,0.0045439054921744,0.011427096699838,0.0046965949979876,0
"Kazakhstan",18777.139,20301.322,8,"ECA",0,0,0,20.301322,18.777139,162.410576,0,0,0,0
"Kenya",53491.697,66959.993,65,"SSA",0.03428746,0.06469717,0.04865702,66.959993,53.491697,4352.399545,2.29588808158778,4.33212205031981,2.60274657076294,1
"Kiribati",122.439,141.538,66,"EAP",0.02009329,0.03599227,0.0315839,0.141538,0.122439,9.341508,0.00284396408002,0.00509427391126,0.0038671011321,0
"Kuwait",4302.875,4873.674,,"OHI",,,,4.873674,4.302875,,,,,0
"Kyrgyz Republic",6301.718,6997.284,69,"ECA",0.001299602,0.003036617,0.002076861,6.997284,6.301718,482.812596,0.009093684280968,0.021248071548228,0.013087792347198,0
"Lao People's Democratic Republic",7164.822,8048.698,70,"EAP",0.0006296632,0.001118205,0.0009085796,8.048698,7.164822,563.40886,0.0050679689385136,0.00900009434709,0.0065098111068312,1
"Latvia",1892.993,1747.192,71,"ECA",0.004549141,0.004549141,0.004549141,1.747192,1.892993,124.050632,0.007948222762072,0.007948222762072,0.008611492069013,0
"Lebanon",6019.795,5368.598,8,"MNA",0,0,0,5.368598,6.019795,42.948784,0,0,0,0
"Lesotho",2322.217,2607.957,72,"SSA",0.3968507,0.4896797,0.4480774,2.607957,2.322217,187.772904,1.0349695610199,1.2770636013729,1.0405329555958,0
"Liberia",5103.853,6495.377,73,"SSA",0.1266099,0.2450727,0.181172,6.495377,5.103853,474.162521,0.8223790324323,1.5918395789079,0.924675255716,1
"Libya",6662.173,7342.346,,"MNA",,,,7.342346,6.662173,,,,,1
"Liechtenstein",38.645,40.918,,"OHI",,,,0.040918,0.038645,,,,,0
"Lithuania",2852.478,2717.731,74,"ECA",0.004889042,0.007482589,0.004889042,2.717731,2.852478,201.112094,0.013287101003702,0.020335664085559,0.013945884746076,0
"Luxembourg",603.944,674.864,75,"OHI",0.002011616,0.002011616,0.002011616,0.674864,0.603944,50.6148,0.001357567220224,0.001357567220224,0.001214903413504,0
"Madagascar",27690.798,35591.943,77,"SSA",0.3708798,0.5063592,0.4357222,35.591943,27.690798,2740.579611,13.2003327014514,18.0223077839256,12.0654954243156,1
"Malawi",20283.691,26578.247,78,"SSA",0.3063232,0.4302352,0.3679381,26.578247,20.283691,2073.103266,8.1415336714304,11.4348974136944,7.4631427275271,1
"Malaysia",32869.323,36814.968,79,"EAP",0,4.04444e-06,1.149238e-06,36.814968,32.869323,2908.382472,0,0.00014889592917792,3.7774675025874e-05,0
"Maldives",458.909,511.766,80,"SAS",0.0001565684,0.001629082,0.001093293,0.511766,0.458909,40.94128,8.01263837944e-05,0.000833708778812,0.000501721997337,0
"Mali",20284.18,27057.112,81,"SSA",0.03471514,0.08808491,0.05553347,27.057112,20.28418,2191.626072,0.93929143107568,2.38332327537992,1.1264509015046,1
"Malta",434.363,439.963,8,"OHI",0,0,0,0.439963,0.434363,3.519704,0,0,0,0
"Marshall Islands",53.251,55.634,,"EAP",,,,0.055634,0.053251,,,,,0
"Mauritania",4783.767,6076.668,82,"SSA",0.007702146,0.01396409,0.009954669,6.076668,4.783767,498.286776,0.046803384129528,0.08485513885212,0.047620817058123,1
"Mauritius",1274.114,1286.934,8,"SSA",0,0.0003535658,0,1.286934,1.274114,10.295472,0,0.0004550158492572,0,0
"Mexico",133870.027,147540.127,83,"LAC",0.007176152,0.01366819,0.01026763,147.540127,133.870027,12245.830541,1.0587703774513,2.01660648846013,1.37452790532601,0
"Micronesia",541.207,588.6,,"EAP",,,,0.5886,0.541207,,,,,0
"Micronesia, Federated States of",107.774,117.43,84,"EAP",0.07646934,0.1148769,0.09548228,0.11743,0.107774,9.86412,0.0089797945962,0.013489994367,0.01029050724472,
"Monaco",39.297,41.362,,"OHI",,,,0.041362,0.039297,,,,,0
"Mongolia",3209.404,3560.959,8,"EAP",0,0,0,3.560959,3.209404,28.487672,0,0,0,0
"Montenegro",629.397,624.702,8,"ECA",0,0,0,0.624702,0.629397,4.997616,0,0,0,0
"Morocco",37070.718,40873.592,85,"MNA",0.0002480399,0.001267865,0.0006081131,40.873592,37.070718,3474.25532,0.0101382816723208,0.05182219672108,0.0225431892422058,0
"Mozambique",32309.195,42438.703,86,"SSA",0.2060837,0.3037843,0.2527341,42.438703,32.309195,3649.728458,8.7459249374411,12.8922116837629,8.1656353200495,1
"Myanmar",54808.276,58915.869,87,"EAP",0.000269994,0.000990317,0.0006661696,58.915869,54.808276,5125.680603,0.015906931134786,0.058345386640473,0.0365116072996096,1
"Namibia",2696.537,3245.659,88,"SSA",0.05349842,0.08843108,0.06895189,3.245659,2.696537,285.617992,0.17363762835878,0.28701713068172,0.18593132260493,0
"Nauru",11.227,11.454,,"EAP",,,,0.011454,0.011227,,,,,
"Nepal",30260.244,33167.612,89,"SAS",0.002491485,0.007944756,0.004798404,33.167612,30.260244,2951.917468,0.08263660778382,0.263508584442672,0.145200875850576,1
"Netherlands",17181.248,17594.086,8,"OHI",0,0,0,17.594086,17.181248,140.752688,0,0,0,0
"New Zealand",4834.42,5213.103,,"OHI",,,,5.213103,4.83442,,,,,0
"Nicaragua",6416.568,7046.293,90,"LAC",0.004294989,0.009091415,0.00803688,7.046293,6.416568,634.16637,0.030263750925777,0.064060773874595,0.05156918702784,0
"Niger",24074.693,34993.54,91,"SSA",0.03617565,0.07934516,0.05446242,34.99354,24.074693,3184.41214,1.265914055301,2.7765680302664,1.31116604153706,1
"Nigeria",206152.701,264067.527,92,"SSA",0.2992702,0.4183957,0.3583951,264.067527,206.152701,24294.212484,79.0275416187954,110.484717806434,73.8841178901651,1
"Niue",1.632,1.674,,"EAP",,,,0.001674,0.001632,,,,,
"Norway",5449.693,5959.215,8,"OHI",0,0.002383791,0,5.959215,5.449693,47.67372,0,0.014205523084065,0,0
"Oman",5149.7,5897.473,,"OHI",,,,5.897473,5.1497,,,,,0
"Pakistan",208362.334,244248.371,93,"SAS",3.894874e-05,0.0007254227,0.000230663,244.248371,208.362334,22715.098503,0.00951316629750254,0.177183312761422,0.048061481047442,1
"Palau",22.442,24.76,,"EAP",,,,0.02476,0.022442,,,,,0
"Panama",4289.33,4884.311,94,"LAC",0.001242158,0.002843522,0.002179789,4.884311,4.28933,459.125234,0.006067085983138,0.013888645783342,0.00934983435137,0
"Papua New Guinea",8755.675,10486.891,95,"EAP",0.1193187,0.1714859,0.1427027,10.486891,8.755675,996.254645,1.2512822011617,1.7983539413369,1.2494584628225,1
"Paraguay",7066.33,7844.904,96,"LAC",0.001464425,0.002823743,0.001676748,7.844904,7.06633,753.110784,0.0114882735402,0.022151992755672,0.01184845469484,0
"Peru",33312.178,36806.784,97,"LAC",0.005829073,0.0119114,0.008342773,36.806784,33.312178,3570.258048,0.214549430831232,0.4384203269376,0.277915939189594,0
"Philippines",109703.396,125372.282,98,"EAP",0.0001864427,0.0006038392,0.0003661511,125.372282,109.703396,12286.483636,0.0233747467612414,0.0757046984650544,0.0401680191191356,0
"Poland",37942.231,36615.5,8,"ECA",0,0,0,36.6155,37.942231,292.924,0,0,0,0
"Portugal",10218.413,9877.056,99,"OHI",0.004953823,0.004953823,0.004953823,9.877056,10.218413,977.828544,0.048929187185088,0.048929187185088,0.050620209342899,0
"Qatar",2791.807,3231.911,,"OHI",,,,3.231911,2.791807,,,,,0
"Korea, Republic of",51506.975,52701.817,67,"OHI",0.002492806,0.002492806,0.002492806,52.701817,51.506975,3531.021739,0.131375405628502,0.131375405628502,0.12839689632185,0
"Moldova",4017.687,3843.941,8,"ECA",0,0,0,3.843941,4.017687,30.751528,0,0,0,0
"Romania",19388.362,18464.237,100,"ECA",0.01167296,0.01968005,0.01490079,18.464237,19.388362,1846.4237,0.21553229993152,0.36337710737185,0.28890191060598,0
"Russian Federation",143786.842,140543.418,101,"ECA",1.456163e-06,0.0002502686,0.0001756883,140.543418,143.786842,14194.885218,0.000204654125185134,0.0351736044620748,0.0252616658333486,0
"Rwanda",13087.173,16024.252,102,"SSA",0.02413896,0.05890086,0.03685289,16.024252,13.087173,1634.473704,0.38680877805792,0.94384222365672,0.48230014697997,1
"St. Lucia",181.203,186.369,114,"LAC",0.1390621,0.2079734,0.1711536,0.186369,0.181203,21.246066,0.0259168645149,0.0387597945846,0.0310135457808,0
"Samoa",200.117,212.095,8,"EAP",0,0.0007605971,0,0.212095,0.200117,1.69676,0,0.0001613188419245,0,0
"San Marino",33.809,34.688,,"OHI",,,,0.034688,0.033809,,,,,0
"Sao Tome and Principe",218.011,268.471,103,"SSA",0.01797691,0.04339544,0.02725604,0.268471,0.218011,27.652513,0.00482627900461,0.01165041717224,0.00594211653644,0
"Saudi Arabia",34709.64,39480.349,,"OHI",,,,39.480349,34.70964,,,,,0
"Senegal",17200.154,22123.23,104,"SSA",0.02784512,0.04707638,0.03841196,22.12323,17.200154,2300.81592,0.6160239941376,1.0414815823074,0.66069162744184,0
"Serbia",8703.942,8355.445,105,"ECA",0.0002766665,0.0002766665,0.0002766665,8.355445,8.703942,877.321725,0.0023116717240925,0.0023116717240925,0.002408089169343,0
"Seychelles",96.112,98.01,106,"SSA",0.003129449,0.003793199,0.003793199,0.09801,0.096112,10.38906,0.00030671729649,0.00037177143399,0.000364571942288,0
"Sierra Leone",8046.931,9719.531,107,"SSA",0.3130083,0.4839057,0.4009554,9.719531,8.046931,1039.989817,3.0422938751073,4.7033364522267,3.2264604378774,1
"Singapore",5935.053,6342.47,,"OHI",,,,6.34247,5.935053,,,,,0
"Slovak Republic",5451.4,5387.458,108,"ECA",0.002007613,0.004533426,0.002007613,5.387458,5.4514,581.845464,0.010815930717754,0.024423642171108,0.0109443015082,0
"Slovenia",2082.055,2059.211,8,"ECA",0,0,0,2.059211,2.082055,16.473688,0,0,0,0
"Solomon Islands",647.297,772.545,109,"EAP",0.05425875,0.1071531,0.08005805,0.772545,0.647297,84.207405,0.04191732601875,0.0827805916395,0.05182133559085,1
"Somalia",16105.174,21535.019,140,"SSA",,,,21.535019,16.105174,3014.90266,,,,1
"South Africa",58721.229,64465.553,110,"SSA",0.1032617,0.1655853,0.1291488,64.465553,58.721229,7091.21083,6.6568225942201,10.6745479331709,7.5837762598752,0
"South Sudan",13610.007,17254.367,111,"SSA",0.9455195,0.9717483,0.9610068,17.254367,13.610007,1915.234737,16.3143404586565,16.7669017998261,13.0793092750476,1
"Spain",46459.219,46115.125,112,"OHI",0.007329204,0.007329204,0.007329204,46.115125,46.459219,5164.894,0.3379871586105,0.3379871586105,0.340509093731676,0
"Sri Lanka",21084.042,21474.701,113,"SAS",7.005575e-05,0.0001975951,8.48552e-05,21.474701,21.084042,2426.641213,0.00150442628458075,0.0042432956915651,0.0017890906007184,0
"West Bank and Gaza",5322.629,6739.073,,"MNA",,,,6.739073,5.322629,,,,,1
"Sudan",43541.203,54842.478,115,"SSA",0.04871901,0.09213602,0.06619673,54.842478,43.541203,6306.88497,2.67187123410678,5.05296764985756,2.88228525886619,1
"Suriname",577.752,616.728,116,"LAC",0.1695302,0.1936712,0.1782297,0.616728,0.577752,71.540448,0.1045540211856,0.1194424518336,0.1029725656344,0
"Swaziland",1439.295,1666.435,,,,,,1.666435,1.439295,,,,,1
"Sweden",10121.686,10712.041,117,"OHI",0.002494396,0.002494396,0.002494396,10.712041,10.121686,1253.308797,0.026720072222236,0.026720072222236,0.025247493071656,0
"Switzerland",8670.535,9203.908,8,"OHI",0,0,0,9.203908,8.670535,73.631264,0,0,0,0
"Syrian Arab Republic",18924.442,26608.489,,"MNA",,,,26.608489,18.924442,,,,,1
"Tajikistan",9475.246,11194.411,118,"ECA",0.001283968,0.003723865,0.001886081,11.194411,9.475246,1320.940498,0.014373265502848,0.041686475318515,0.017871081450926,1
"Macedonia, former Yugoslav Republic of",2088.035,2076.35,76,"ECA",0.03025752,0.04047679,0.03025752,2.07635,2.088035,157.8026,0.062825201652,0.0840439829165,0.0631787607732,0
"Thailand",69410.868,69626.212,120,"EAP",0.0002060129,0.0002060129,0.0002060129,69.626212,69.410868,8355.14544,0.0143438978501348,0.0143438978501348,0.0142995342081972,0
"Timor-Leste",1381.4,1704.105,121,"EAP",0.03380733,0.103786,0.06425268,1.704105,1.3814,206.196705,0.05761124008965,0.17686224153,0.088758652152,1
"Togo",8384.291,10507.241,122,"SSA",0.1384344,0.1894275,0.1567896,10.507241,8.384291,1281.883402,1.4545636034904,1.9903603945275,1.3145696321736,0
"Tokelau",1.357,1.444,,"EAP",,,,0.001444,0.001357,,,,,
"Tonga",111.037,121.055,123,"EAP",0.001372239,0.002427807,0.001372239,0.121055,0.111037,14.889765,0.000166116392145,0.000293898176385,0.000152369301843,0
"Trinidad and Tobago",1377.729,1373.659,124,"LAC",0.004580949,0.009088229,0.006315321,1.373659,1.377729,170.333716,0.006292661822391,0.012484127559911,0.008700800886009,0
"Tunisia",11903.136,12841.615,125,"MNA",0.0009937029,0.003467778,0.001682601,12.841615,11.903136,1605.201875,0.0127607500661835,0.04453186998147,0.020028228536736,0
"Turkey",83835.75,88416.609,126,"ECA",0.0007600784,0.0008742157,0.0008378833,88.416609,83.83575,11140.492734,0.0672035547021456,0.0772951877285613,0.070244574867975,0
"Turkmenistan",6031.195,6767.418,127,"ECA",0.0001943726,0.0004876714,0.0003093493,6.767418,6.031195,859.462086,0.0013154006319468,0.0033002762104452,0.0018657459514135,0
"Tuvalu",11.499,12.699,8,"EAP",0,0,0,0.012699,0.011499,0.101592,0,0,0,0
"Uganda",47187.703,63842.36,128,"SSA",0.03661453,0.08377015,0.05746951,63.84236,47.187703,8171.82208,2.3375580054908,5.348084073554,2.71185416943553,1
"Ukraine",43579.234,41200.374,129,"ECA",0.0001143589,0.0002561917,0.0001143589,41.200374,43.579234,5314.848246,0.0047116294502286,0.0105551938556958,0.0049836732630826,0
"United Arab Emirates",9813.17,11054.579,,"OHI",,,,11.054579,9.81317,,,,,0
"United Kingdom",67334.208,70578.614,130,"OHI",0.002292044,0.002292044,0.002292044,70.578614,67.334208,9175.21982,0.161769288747016,0.161769288747016,0.154332967441152,0
"Tanzania",62774.619,83702.053,119,"SSA",0.009281358,0.03047776,0.01789266,83.702053,62.774619,9960.544307,0.776868719227974,2.55105108284128,1.12320491439654,1
"United States",331431.534,354711.67,131,"OHI",0.009974761,0.01164112,0.01164112,354.71167,331.431534,46467.22877,3.53816413216087,4.1292411158704,3.85823425907808,0
"Uruguay",3494.387,3594.299,132,"LAC",0.0003303022,0.0004546342,0.0003631881,3.594299,3.494387,474.447468,0.0011872048671578,0.0016340912504258,0.0012691197751947,0
"Uzbekistan",33235.825,36712.267,133,"ECA",0.003199115,0.01356501,0.006845258,36.712267,33.235825,4882.731511,0.117446764043705,0.49800226897767,0.22750779696785,0
"Vanuatu",293.934,353.974,134,"EAP",0.02057496,0.05184854,0.03273659,0.353974,0.293934,47.432516,0.00728300089104,0.01835303509796,0.00962239684506,0
"Venezuela, Republica Bolivariana de",33172.392,36749.904,135,"LAC",0.3284709,0.4419329,0.382852,36.749904,33.172392,4961.23704,12.0712740417936,16.2409916494416,12.700116621984,1
"Vietnam",98360.145,106283.637,136,"EAP",0.0001851283,0.000426427,0.0002769223,106.283637,98.360145,14454.574632,0.0196761090356271,0.045322212474999,0.0272381175817335,0
"Yemen, Republic of",30245.305,36815.286,137,"MNA",0.4983945,0.6539221,0.5878332,36.815286,30.245305,5043.694182,18.348536058327,24.0743291332206,17.779194423126,1
"Zambia",18679.273,24859.376,138,"SSA",0.3250375,0.4066804,0.3714907,24.859376,18.679273,3430.593888,8.0802294266,10.1098209754304,6.9391762022611,1
"Zimbabwe",17680.465,21526.861,139,"SSA",0.004182286,0.04079333,0.01764874,21.526861,17.680465,2992.233679,0.090031489384246,0.87815234463713,0.3120379298641,1
