"di_id","Year","P20percentage"
"AL",1981,0.001144284
"AL",1982,
"AL",1983,
"AL",1984,0.003134484
"AL",1985,
"AL",1986,
"AL",1987,0.004645278
"AL",1988,
"AL",1989,
"AL",1990,0.004079184
"AL",1991,
"AL",1992,
"AL",1993,0.004645278
"AL",1994,
"AL",1995,
"AL",1996,0.004079184
"AL",1997,
"AL",1998,
"AL",1999,0.01944322
"AL",2000,
"AL",2001,
"AL",2002,0.009959315
"AL",2003,
"AL",2004,
"AL",2005,0.01081512
"AL",2006,
"AL",2007,
"AL",2008,0.004684011
"AL",2009,
"AL",2010,0.01247185
"AL",2011,0.0175292
"AL",2012,0.02490918
"AL",2013,0.03009763
"AL",2014,
"AL",2015,0.03320074
"AL",2016,
"AL",2017,
"DZ",1981,0
"DZ",1982,
"DZ",1983,
"DZ",1984,0
"DZ",1985,
"DZ",1986,
"DZ",1987,0
"DZ",1988,
"DZ",1989,
"DZ",1990,0.00183318
"DZ",1991,
"DZ",1992,
"DZ",1993,0.01230232
"DZ",1994,
"DZ",1995,
"DZ",1996,0.02790042
"DZ",1997,
"DZ",1998,
"DZ",1999,0.02729281
"DZ",2000,
"DZ",2001,
"DZ",2002,0.0213159
"DZ",2003,
"DZ",2004,
"DZ",2005,0.01937778
"DZ",2006,
"DZ",2007,
"DZ",2008,0.01344981
"DZ",2009,
"DZ",2010,0.01006687
"DZ",2011,0.009447942
"DZ",2012,0.00930046
"DZ",2013,0.01061089
"DZ",2014,
"DZ",2015,0.01151046
"DZ",2016,
"DZ",2017,
"AO",1981,0.1214515
"AO",1982,
"AO",1983,
"AO",1984,0.151624
"AO",1985,
"AO",1986,
"AO",1987,0.1599046
"AO",1988,
"AO",1989,
"AO",1990,0.1626989
"AO",1991,
"AO",1992,
"AO",1993,0.2959836
"AO",1994,
"AO",1995,
"AO",1996,0.281565
"AO",1997,
"AO",1998,
"AO",1999,0.2563272
"AO",2000,
"AO",2001,
"AO",2002,0.3599767
"AO",2003,
"AO",2004,
"AO",2005,0.4002103
"AO",2006,
"AO",2007,
"AO",2008,0.3168659
"AO",2009,
"AO",2010,0.3609107
"AO",2011,0.3948878
"AO",2012,0.4015219
"AO",2013,0.4147059
"AO",2014,
"AO",2015,0.4427654
"AO",2016,
"AO",2017,
"AM",1981,0.01045402
"AM",1982,
"AM",1983,
"AM",1984,0.0162468
"AM",1985,
"AM",1986,
"AM",1987,0.02706575
"AM",1988,
"AM",1989,
"AM",1990,0.0336111
"AM",1991,
"AM",1992,
"AM",1993,0.1473282
"AM",1994,
"AM",1995,
"AM",1996,0.1071132
"AM",1997,
"AM",1998,
"AM",1999,0.09324495
"AM",2000,
"AM",2001,
"AM",2002,0.08969944
"AM",2003,
"AM",2004,
"AM",2005,0.04080716
"AM",2006,
"AM",2007,
"AM",2008,0.01646283
"AM",2009,
"AM",2010,0.03811226
"AM",2011,0.04988931
"AM",2012,0.05566943
"AM",2013,0.07174578
"AM",2014,
"AM",2015,0.07761724
"AM",2016,
"AM",2017,
"AU",1981,0.004959521
"AU",1982,
"AU",1983,
"AU",1984,0.006714549
"AU",1985,
"AU",1986,
"AU",1987,0.006140921
"AU",1988,
"AU",1989,
"AU",1990,0.005401541
"AU",1991,
"AU",1992,
"AU",1993,0.006659311
"AU",1994,
"AU",1995,
"AU",1996,0.007493872
"AU",1997,
"AU",1998,
"AU",1999,0.007482018
"AU",2000,
"AU",2001,
"AU",2002,0.008723711
"AU",2003,
"AU",2004,
"AU",2005,0.007980994
"AU",2006,
"AU",2007,
"AU",2008,0.004992525
"AU",2009,
"AU",2010,0.004980354
"AU",2011,0.004980354
"AU",2012,0.004980354
"AU",2013,0.004980354
"AU",2014,
"AU",2015,0.004980354
"AU",2016,
"AU",2017,
"AT",1981,0.002296472
"AT",1982,
"AT",1983,
"AT",1984,0.002296472
"AT",1985,
"AT",1986,
"AT",1987,0.002296472
"AT",1988,
"AT",1989,
"AT",1990,0.002296472
"AT",1991,
"AT",1992,
"AT",1993,0.002296472
"AT",1994,
"AT",1995,
"AT",1996,0.002296472
"AT",1997,
"AT",1998,
"AT",1999,0.002296472
"AT",2000,
"AT",2001,
"AT",2002,0.002296472
"AT",2003,
"AT",2004,
"AT",2005,0.002370677
"AT",2006,
"AT",2007,
"AT",2008,0.004929696
"AT",2009,
"AT",2010,0.004952629
"AT",2011,0.004942109
"AT",2012,0.007474631
"AT",2013,0.004742668
"AT",2014,
"AT",2015,0.007479796
"AT",2016,
"AT",2017,
"AZ",1981,0.0020234
"AZ",1982,
"AZ",1983,
"AZ",1984,0.003007371
"AZ",1985,
"AZ",1986,
"AZ",1987,0.00335879
"AZ",1988,
"AZ",1989,
"AZ",1990,0.004388334
"AZ",1991,
"AZ",1992,
"AZ",1993,0.01392771
"AZ",1994,
"AZ",1995,
"AZ",1996,0.03748739
"AZ",1997,
"AZ",1998,
"AZ",1999,0.02022707
"AZ",2000,
"AZ",2001,
"AZ",2002,0
"AZ",2003,
"AZ",2004,
"AZ",2005,0
"AZ",2006,
"AZ",2007,
"AZ",2008,0
"AZ",2009,
"AZ",2010,0
"AZ",2011,0
"AZ",2012,0
"AZ",2013,0
"AZ",2014,
"AZ",2015,0
"AZ",2016,
"AZ",2017,
"BD",1981,0.02545682
"BD",1982,
"BD",1983,
"BD",1984,0.04864952
"BD",1985,
"BD",1986,
"BD",1987,0.09407076
"BD",1988,
"BD",1989,
"BD",1990,0.1324008
"BD",1991,
"BD",1992,
"BD",1993,0.1457702
"BD",1994,
"BD",1995,
"BD",1996,0.1971449
"BD",1997,
"BD",1998,
"BD",1999,0.2138501
"BD",2000,
"BD",2001,
"BD",2002,0.230715
"BD",2003,
"BD",2004,
"BD",2005,0.2427027
"BD",2006,
"BD",2007,
"BD",2008,0.2494497
"BD",2009,
"BD",2010,0.279558
"BD",2011,0.3186234
"BD",2012,0.3342265
"BD",2013,0.3708418
"BD",2014,
"BD",2015,0.3931206
"BD",2016,
"BD",2017,
"BY",1981,0
"BY",1982,
"BY",1983,
"BY",1984,0
"BY",1985,
"BY",1986,
"BY",1987,0
"BY",1988,
"BY",1989,
"BY",1990,0.000161023
"BY",1991,
"BY",1992,
"BY",1993,0.0002054222
"BY",1994,
"BY",1995,
"BY",1996,0.004269433
"BY",1997,
"BY",1998,
"BY",1999,0.05739228
"BY",2000,
"BY",2001,
"BY",2002,0.01406467
"BY",2003,
"BY",2004,
"BY",2005,0.003720495
"BY",2006,
"BY",2007,
"BY",2008,0
"BY",2009,
"BY",2010,0
"BY",2011,0
"BY",2012,0.0001205592
"BY",2013,0
"BY",2014,
"BY",2015,0
"BY",2016,
"BY",2017,
"BE",1981,0.002354428
"BE",1982,
"BE",1983,
"BE",1984,0.002354428
"BE",1985,
"BE",1986,
"BE",1987,0.002354428
"BE",1988,
"BE",1989,
"BE",1990,0.002354428
"BE",1991,
"BE",1992,
"BE",1993,0.002354428
"BE",1994,
"BE",1995,
"BE",1996,0.002354428
"BE",1997,
"BE",1998,
"BE",1999,0.002354428
"BE",2000,
"BE",2001,
"BE",2002,0.002354428
"BE",2003,
"BE",2004,
"BE",2005,0.002313465
"BE",2006,
"BE",2007,
"BE",2008,0
"BE",2009,
"BE",2010,0.002167455
"BE",2011,0.002367523
"BE",2012,0.002432163
"BE",2013,0.002473494
"BE",2014,
"BE",2015,0.002423116
"BE",2016,
"BE",2017,
"BZ",1981,0.06953155
"BZ",1982,
"BZ",1983,
"BZ",1984,0.100615
"BZ",1985,
"BZ",1986,
"BZ",1987,0.1118746
"BZ",1988,
"BZ",1989,
"BZ",1990,0.08953003
"BZ",1991,
"BZ",1992,
"BZ",1993,0.07464126
"BZ",1994,
"BZ",1995,
"BZ",1996,0.0943826
"BZ",1997,
"BZ",1998,
"BZ",1999,0.1167539
"BZ",2000,
"BZ",2001,
"BZ",2002,0.101871
"BZ",2003,
"BZ",2004,
"BZ",2005,0.1384633
"BZ",2006,
"BZ",2007,
"BZ",2008,0.1726435
"BZ",2009,
"BZ",2010,0.1764907
"BZ",2011,0.1826407
"BZ",2012,0.1848888
"BZ",2013,0.1971478
"BZ",2014,
"BZ",2015,0.2061746
"BZ",2016,
"BZ",2017,
"BJ",1981,0.1904957
"BJ",1982,
"BJ",1983,
"BJ",1984,0.3037129
"BJ",1985,
"BJ",1986,
"BJ",1987,0.3708263
"BJ",1988,
"BJ",1989,
"BJ",1990,0.3679233
"BJ",1991,
"BJ",1992,
"BJ",1993,0.3787472
"BJ",1994,
"BJ",1995,
"BJ",1996,0.4299322
"BJ",1997,
"BJ",1998,
"BJ",1999,0.4027456
"BJ",2000,
"BJ",2001,
"BJ",2002,0.4023901
"BJ",2003,
"BJ",2004,
"BJ",2005,0.4909817
"BJ",2006,
"BJ",2007,
"BJ",2008,0.5268618
"BJ",2009,
"BJ",2010,0.5905824
"BJ",2011,0.6306658
"BJ",2012,0.6428125
"BJ",2013,0.6610543
"BJ",2014,
"BJ",2015,0.6751785
"BJ",2016,
"BJ",2017,
"BT",1981,0.4717874
"BT",1982,
"BT",1983,
"BT",1984,0.5089612
"BT",1985,
"BT",1986,
"BT",1987,0.3905409
"BT",1988,
"BT",1989,
"BT",1990,0.2941374
"BT",1991,
"BT",1992,
"BT",1993,0.2662352
"BT",1994,
"BT",1995,
"BT",1996,0.2334257
"BT",1997,
"BT",1998,
"BT",1999,0.1851765
"BT",2000,
"BT",2001,
"BT",2002,0.1694449
"BT",2003,
"BT",2004,
"BT",2005,0.09423458
"BT",2006,
"BT",2007,
"BT",2008,0.1145942
"BT",2009,
"BT",2010,0.06900691
"BT",2011,0.05936605
"BT",2012,0.05594161
"BT",2013,0.05403416
"BT",2014,
"BT",2015,0.06686056
"BT",2016,
"BT",2017,
"BO",1981,0
"BO",1982,
"BO",1983,
"BO",1984,0.003371407
"BO",1985,
"BO",1986,
"BO",1987,0.006116252
"BO",1988,
"BO",1989,
"BO",1990,0.005381566
"BO",1991,
"BO",1992,
"BO",1993,0.06269191
"BO",1994,
"BO",1995,
"BO",1996,0.141351
"BO",1997,
"BO",1998,
"BO",1999,0.2233564
"BO",2000,
"BO",2001,
"BO",2002,0.2145798
"BO",2003,
"BO",2004,
"BO",2005,0.1890953
"BO",2006,
"BO",2007,
"BO",2008,0.1158237
"BO",2009,
"BO",2010,0.09998579
"BO",2011,0.0893529
"BO",2012,0.1020894
"BO",2013,0.09292763
"BO",2014,
"BO",2015,0.09291409
"BO",2016,
"BO",2017,
"BW",1981,0.2967073
"BW",1982,
"BW",1983,
"BW",1984,0.276448
"BW",1985,
"BW",1986,
"BW",1987,0.2687042
"BW",1988,
"BW",1989,
"BW",1990,0.2083302
"BW",1991,
"BW",1992,
"BW",1993,0.2292057
"BW",1994,
"BW",1995,
"BW",1996,0.2484926
"BW",1997,
"BW",1998,
"BW",1999,0.2258706
"BW",2000,
"BW",2001,
"BW",2002,0.2591401
"BW",2003,
"BW",2004,
"BW",2005,0.2471783
"BW",2006,
"BW",2007,
"BW",2008,0.1863386
"BW",2009,
"BW",2010,0.205103
"BW",2011,0.2106548
"BW",2012,0.214336
"BW",2013,0.2070341
"BW",2014,
"BW",2015,0.2237875
"BW",2016,
"BW",2017,
"BR",1981,0.08315338
"BR",1982,
"BR",1983,
"BR",1984,0.1353368
"BR",1985,
"BR",1986,
"BR",1987,0.1039121
"BR",1988,
"BR",1989,
"BR",1990,0.1308673
"BR",1991,
"BR",1992,
"BR",1993,0.1282761
"BR",1994,
"BR",1995,
"BR",1996,0.1052054
"BR",1997,
"BR",1998,
"BR",1999,0.09568918
"BR",2000,
"BR",2001,
"BR",2002,0.08154767
"BR",2003,
"BR",2004,
"BR",2005,0.08352416
"BR",2006,
"BR",2007,
"BR",2008,0.06184737
"BR",2009,
"BR",2010,0.0597188
"BR",2011,0.06195925
"BR",2012,0.05271263
"BR",2013,0.05753142
"BR",2014,
"BR",2015,0.05891644
"BR",2016,
"BR",2017,
"BG",1981,0.0003609626
"BG",1982,
"BG",1983,
"BG",1984,0.0003717844
"BG",1985,
"BG",1986,
"BG",1987,0.0003774477
"BG",1988,
"BG",1989,
"BG",1990,0.0005460137
"BG",1991,
"BG",1992,
"BG",1993,0.00140346
"BG",1994,
"BG",1995,
"BG",1996,0.003643091
"BG",1997,
"BG",1998,
"BG",1999,0.01377393
"BG",2000,
"BG",2001,
"BG",2002,0.008015357
"BG",2003,
"BG",2004,
"BG",2005,0.00615335
"BG",2006,
"BG",2007,
"BG",2007,
"BG",2007,
"BG",2007,
"BG",2007,
"BG",2007,
"BG",2007,
"BG",2007,
"BG",2008,0.01215443
"BG",2009,
"BG",2010,0.02241158
"BG",2011,0.02970293
"BG",2012,0.02739885
"BG",2013,0.03217192
"BG",2014,
"BG",2015,0.02720817
"BG",2016,
"BG",2017,
"BF",1981,0.6704555
"BF",1982,
"BF",1983,
"BF",1984,0.7350671
"BF",1985,
"BF",1986,
"BF",1987,0.7399664
"BF",1988,
"BF",1989,
"BF",1990,0.7400256
"BF",1991,
"BF",1992,
"BF",1993,0.7381727
"BF",1994,
"BF",1995,
"BF",1996,0.7575061
"BF",1997,
"BF",1998,
"BF",1999,0.666736
"BF",2000,
"BF",2001,
"BF",2002,0.5811575
"BF",2003,
"BF",2004,
"BF",2005,0.5540139
"BF",2006,
"BF",2007,
"BF",2008,0.5744334
"BF",2009,
"BF",2010,0.6115383
"BF",2011,0.6289349
"BF",2012,0.6281017
"BF",2013,0.6470607
"BF",2014,
"BF",2015,0.6690066
"BF",2016,
"BF",2017,
"BI",1981,0.4879678
"BI",1982,
"BI",1983,
"BI",1984,0.6369537
"BI",1985,
"BI",1986,
"BI",1987,0.6267872
"BI",1988,
"BI",1989,
"BI",1990,0.611764
"BI",1991,
"BI",1992,
"BI",1993,0.6457264
"BI",1994,
"BI",1995,
"BI",1996,0.7516846
"BI",1997,
"BI",1998,
"BI",1999,0.7561907
"BI",2000,
"BI",2001,
"BI",2002,0.7476857
"BI",2003,
"BI",2004,
"BI",2005,0.7871241
"BI",2006,
"BI",2007,
"BI",2008,0.7770794
"BI",2009,
"BI",2010,0.800748
"BI",2011,0.8169545
"BI",2012,0.8227899
"BI",2013,0.8320909
"BI",2014,
"BI",2015,0.8669203
"BI",2016,
"BI",2017,
"CV",1981,0.3743316
"CV",1982,
"CV",1983,
"CV",1984,0.4055838
"CV",1985,
"CV",1986,
"CV",1987,0.4023417
"CV",1988,
"CV",1989,
"CV",1990,0.365281
"CV",1991,
"CV",1992,
"CV",1993,0.3238458
"CV",1994,
"CV",1995,
"CV",1996,0.2287104
"CV",1997,
"CV",1998,
"CV",1999,0.1386335
"CV",2000,
"CV",2001,
"CV",2002,0.1114648
"CV",2003,
"CV",2004,
"CV",2005,0.1105262
"CV",2006,
"CV",2007,
"CV",2008,0.08578553
"CV",2009,
"CV",2010,0.1072674
"CV",2011,0.1152828
"CV",2012,0.1290064
"CV",2013,0.149757
"CV",2014,
"CV",2015,0.174099
"CV",2016,
"CV",2017,
"CM",1981,0.04139423
"CM",1982,
"CM",1983,
"CM",1984,0.04972591
"CM",1985,
"CM",1986,
"CM",1987,0.06651677
"CM",1988,
"CM",1989,
"CM",1990,0.1347477
"CM",1991,
"CM",1992,
"CM",1993,0.2819405
"CM",1994,
"CM",1995,
"CM",1996,0.3326058
"CM",1997,
"CM",1998,
"CM",1999,0.1829674
"CM",2000,
"CM",2001,
"CM",2002,0.175056
"CM",2003,
"CM",2004,
"CM",2005,0.2602224
"CM",2006,
"CM",2007,
"CM",2008,0.3153093
"CM",2009,
"CM",2010,0.3588397
"CM",2011,0.3757179
"CM",2012,0.3744968
"CM",2013,0.3759346
"CM",2014,
"CM",2015,0.3612599
"CM",2016,
"CM",2017,
"CA",1981,0.004947209
"CA",1982,
"CA",1983,
"CA",1984,0.002473604
"CA",1985,
"CA",1986,
"CA",1987,0
"CA",1988,
"CA",1989,
"CA",1990,0.001631804
"CA",1991,
"CA",1992,
"CA",1993,0.002379519
"CA",1994,
"CA",1995,
"CA",1996,0.002434835
"CA",1997,
"CA",1998,
"CA",1999,0.002484779
"CA",2000,
"CA",2001,
"CA",2002,0.002466845
"CA",2003,
"CA",2004,
"CA",2005,0.002451231
"CA",2006,
"CA",2007,
"CA",2008,0.002484453
"CA",2009,
"CA",2010,0.00248831
"CA",2011,0.003317939
"CA",2012,0.004147567
"CA",2013,0.004977196
"CA",2014,
"CA",2015,0.004977196
"CA",2016,
"CA",2017,
"CF",1981,0.6220927
"CF",1982,
"CF",1983,
"CF",1984,0.6733639
"CF",1985,
"CF",1986,
"CF",1987,0.7141391
"CF",1988,
"CF",1989,
"CF",1990,0.7257898
"CF",1991,
"CF",1992,
"CF",1993,0.7579533
"CF",1994,
"CF",1995,
"CF",1996,0.712796
"CF",1997,
"CF",1998,
"CF",1999,0.6185289
"CF",2000,
"CF",2001,
"CF",2002,0.5750824
"CF",2003,
"CF",2004,
"CF",2005,0.6460416
"CF",2006,
"CF",2007,
"CF",2008,0.6823847
"CF",2009,
"CF",2010,0.6966606
"CF",2011,0.7110686
"CF",2012,0.7086946
"CF",2013,0.8600781
"CF",2014,
"CF",2015,0.8642391
"CF",2016,
"CF",2017,
"TD",1981,0.4937218
"TD",1982,
"TD",1983,
"TD",1984,0.5003079
"TD",1985,
"TD",1986,
"TD",1987,0.524723
"TD",1988,
"TD",1989,
"TD",1990,0.4965554
"TD",1991,
"TD",1992,
"TD",1993,0.5675934
"TD",1994,
"TD",1995,
"TD",1996,0.6131088
"TD",1997,
"TD",1998,
"TD",1999,0.6141072
"TD",2000,
"TD",2001,
"TD",2002,0.6091843
"TD",2003,
"TD",2004,
"TD",2005,0.3862789
"TD",2006,
"TD",2007,
"TD",2008,0.4528255
"TD",2009,
"TD",2010,0.432733
"TD",2011,0.4778881
"TD",2012,0.4663905
"TD",2013,0.4902491
"TD",2014,
"TD",2015,0.508894
"TD",2016,
"TD",2017,
"CL",1981,0.02404388
"CL",1982,
"CL",1983,
"CL",1984,0.0532913
"CL",1985,
"CL",1986,
"CL",1987,0.05723178
"CL",1988,
"CL",1989,
"CL",1990,0.03626487
"CL",1991,
"CL",1992,
"CL",1993,0.02330092
"CL",1994,
"CL",1995,
"CL",1996,0.02210295
"CL",1997,
"CL",1998,
"CL",1999,0.0288435
"CL",2000,
"CL",2001,
"CL",2002,0.03367365
"CL",2003,
"CL",2004,
"CL",2005,0.02774773
"CL",2006,
"CL",2007,
"CL",2008,0.02531143
"CL",2009,
"CL",2010,0.02563306
"CL",2011,0.02318224
"CL",2012,0.0176347
"CL",2013,0.01526328
"CL",2014,
"CL",2015,0.02244988
"CL",2016,
"CL",2017,
"CN",1981,0.5348044
"CN",1982,
"CN",1983,
"CN",1984,0.4134963
"CN",1985,
"CN",1986,
"CN",1987,0.3476675
"CN",1988,
"CN",1989,
"CN",1990,0.4001954
"CN",1991,
"CN",1992,
"CN",1993,0.3644856
"CN",1994,
"CN",1995,
"CN",1996,0.2865927
"CN",1997,
"CN",1998,
"CN",1999,0.2922464
"CN",2000,
"CN",2001,
"CN",2002,0.2549687
"CN",2003,
"CN",2004,
"CN",2005,0.1794227
"CN",2006,
"CN",2007,
"CN",2008,0.1622491
"CN",2009,
"CN",2010,0.1446929
"CN",2011,0.1249891
"CN",2012,0.1132088
"CN",2013,0.05842094
"CN",2014,
"CN",2015,0.03583495
"CN",2016,
"CN",2017,
"CO",1981,0.04640263
"CO",1982,
"CO",1983,
"CO",1984,0.05489014
"CO",1985,
"CO",1986,
"CO",1987,0.05795365
"CO",1988,
"CO",1989,
"CO",1990,0.05533384
"CO",1991,
"CO",1992,
"CO",1993,0.06785213
"CO",1994,
"CO",1995,
"CO",1996,0.1320623
"CO",1997,
"CO",1998,
"CO",1999,0.1614021
"CO",2000,
"CO",2001,
"CO",2002,0.1143381
"CO",2003,
"CO",2004,
"CO",2005,0.09268175
"CO",2006,
"CO",2007,
"CO",2008,0.1128723
"CO",2009,
"CO",2010,0.09665547
"CO",2011,0.09087395
"CO",2012,0.09453493
"CO",2013,0.09477905
"CO",2014,
"CO",2015,0.08528135
"CO",2016,
"CO",2017,
"KM",1981,0.01501968
"KM",1982,
"KM",1983,
"KM",1984,0.01853529
"KM",1985,
"KM",1986,
"KM",1987,0.03324954
"KM",1988,
"KM",1989,
"KM",1990,0.03829311
"KM",1991,
"KM",1992,
"KM",1993,0.04663937
"KM",1994,
"KM",1995,
"KM",1996,0.09565073
"KM",1997,
"KM",1998,
"KM",1999,0.1025648
"KM",2000,
"KM",2001,
"KM",2002,0.09832743
"KM",2003,
"KM",2004,
"KM",2005,0.1322422
"KM",2006,
"KM",2007,
"KM",2008,0.1733977
"KM",2009,
"KM",2010,0.208984
"KM",2011,0.2403806
"KM",2012,0.2583467
"KM",2013,0.2805912
"KM",2014,
"KM",2015,0.310043
"KM",2016,
"KM",2017,
"CD",1981,0.2900317
"CD",1982,
"CD",1983,
"CD",1984,0.3822045
"CD",1985,
"CD",1986,
"CD",1987,0.4353534
"CD",1988,
"CD",1989,
"CD",1990,0.5258658
"CD",1991,
"CD",1992,
"CD",1993,0.7601108
"CD",1994,
"CD",1995,
"CD",1996,0.8468719
"CD",1997,
"CD",1998,
"CD",1999,0.8957832
"CD",2000,
"CD",2001,
"CD",2002,0.9320359
"CD",2003,
"CD",2004,
"CD",2005,0.9359464
"CD",2006,
"CD",2007,
"CD",2008,0.8954042
"CD",2009,
"CD",2010,0.8871385
"CD",2011,0.8772103
"CD",2012,0.8571032
"CD",2013,0.8509785
"CD",2014,
"CD",2015,0.8423689
"CD",2016,
"CD",2017,
"CG",1981,0.2107651
"CG",1982,
"CG",1983,
"CG",1984,0.1774155
"CG",1985,
"CG",1986,
"CG",1987,0.2773975
"CG",1988,
"CG",1989,
"CG",1990,0.2885189
"CG",1991,
"CG",1992,
"CG",1993,0.3329479
"CG",1994,
"CG",1995,
"CG",1996,0.4228643
"CG",1997,
"CG",1998,
"CG",1999,0.466959
"CG",2000,
"CG",2001,
"CG",2002,0.4620861
"CG",2003,
"CG",2004,
"CG",2005,0.5062716
"CG",2006,
"CG",2007,
"CG",2008,0.4879544
"CG",2009,
"CG",2010,0.4297279
"CG",2011,0.4501137
"CG",2012,0.4640303
"CG",2013,0.4892549
"CG",2014,
"CG",2015,0.5025159
"CG",2016,
"CG",2017,
"CR",1981,0.1209067
"CR",1982,
"CR",1983,
"CR",1984,0.1032477
"CR",1985,
"CR",1986,
"CR",1987,0.08514281
"CR",1988,
"CR",1989,
"CR",1990,0.06575688
"CR",1991,
"CR",1992,
"CR",1993,0.05707088
"CR",1994,
"CR",1995,
"CR",1996,0.06352211
"CR",1997,
"CR",1998,
"CR",1999,0.04750189
"CR",2000,
"CR",2001,
"CR",2002,0.03676324
"CR",2003,
"CR",2004,
"CR",2005,0.02961195
"CR",2006,
"CR",2007,
"CR",2008,0.02451301
"CR",2009,
"CR",2010,0.01836894
"CR",2011,0.02381416
"CR",2012,0.02405739
"CR",2013,0.02700329
"CR",2014,
"CR",2015,0.0274035
"CR",2016,
"CR",2017,
"CI",1981,0.01198783
"CI",1982,
"CI",1983,
"CI",1984,0.02006881
"CI",1985,
"CI",1986,
"CI",1987,0.01845486
"CI",1988,
"CI",1989,
"CI",1990,0.05469199
"CI",1991,
"CI",1992,
"CI",1993,0.1051653
"CI",1994,
"CI",1995,
"CI",1996,0.1160245
"CI",1997,
"CI",1998,
"CI",1999,0.166088
"CI",2000,
"CI",2001,
"CI",2002,0.1750255
"CI",2003,
"CI",2004,
"CI",2005,0.2585377
"CI",2006,
"CI",2007,
"CI",2008,0.3131031
"CI",2009,
"CI",2010,0.3917915
"CI",2011,0.4743106
"CI",2012,0.4677574
"CI",2013,0.4821487
"CI",2014,
"CI",2015,0.475518
"CI",2016,
"CI",2017,
"HR",1981,0.0002382803
"HR",1982,
"HR",1983,
"HR",1984,0.0003023381
"HR",1985,
"HR",1986,
"HR",1987,0.0003189874
"HR",1988,
"HR",1989,
"HR",1990,0.0009636552
"HR",1991,
"HR",1992,
"HR",1993,0.002628498
"HR",1994,
"HR",1995,
"HR",1996,0.004013973
"HR",1997,
"HR",1998,
"HR",1999,0.001966144
"HR",2000,
"HR",2001,
"HR",2002,0.0003249814
"HR",2003,
"HR",2004,
"HR",2005,0
"HR",2006,
"HR",2007,
"HR",2008,0
"HR",2009,
"HR",2010,0
"HR",2011,0.009928041
"HR",2012,0.01246938
"HR",2013,0.01691045
"HR",2014,
"HR",2015,0.009952726
"HR",2016,
"HR",2017,
"CY",1981,0
"CY",1982,
"CY",1983,
"CY",1984,0
"CY",1985,
"CY",1986,
"CY",1987,0
"CY",1988,
"CY",1989,
"CY",1990,0
"CY",1991,
"CY",1992,
"CY",1993,0
"CY",1994,
"CY",1995,
"CY",1996,0
"CY",1997,
"CY",1998,
"CY",1999,0
"CY",2000,
"CY",2001,
"CY",2002,0
"CY",2003,
"CY",2004,
"CY",2005,0
"CY",2006,
"CY",2007,
"CY",2008,0
"CY",2009,
"CY",2010,0
"CY",2011,0
"CY",2012,0
"CY",2013,0
"CY",2014,
"CY",2015,0
"CY",2016,
"CY",2017,
"CZ",1981,0
"CZ",1982,
"CZ",1983,
"CZ",1984,0
"CZ",1985,
"CZ",1986,
"CZ",1987,0
"CZ",1988,
"CZ",1989,
"CZ",1990,0
"CZ",1991,
"CZ",1992,
"CZ",1993,0
"CZ",1994,
"CZ",1995,
"CZ",1996,0.001289891
"CZ",1997,
"CZ",1998,
"CZ",1999,0.0007936687
"CZ",2000,
"CZ",2001,
"CZ",2002,0.0003186819
"CZ",2003,
"CZ",2004,
"CZ",2005,0
"CZ",2006,
"CZ",2007,
"CZ",2008,0
"CZ",2009,
"CZ",2010,0
"CZ",2011,0
"CZ",2012,0.001617301
"CZ",2013,0
"CZ",2014,
"CZ",2015,0
"CZ",2016,
"CZ",2017,
"DK",1981,0.002238577
"DK",1982,
"DK",1983,
"DK",1984,0.002238577
"DK",1985,
"DK",1986,
"DK",1987,0.002238577
"DK",1988,
"DK",1989,
"DK",1990,0.002238577
"DK",1991,
"DK",1992,
"DK",1993,0.002238577
"DK",1994,
"DK",1995,
"DK",1996,0.002238577
"DK",1997,
"DK",1998,
"DK",1999,0.002238577
"DK",2000,
"DK",2001,
"DK",2002,0.002238577
"DK",2003,
"DK",2004,
"DK",2005,0.002245116
"DK",2006,
"DK",2007,
"DK",2008,0.002491895
"DK",2009,
"DK",2010,0
"DK",2011,0
"DK",2012,0
"DK",2013,0.002425605
"DK",2014,
"DK",2015,0.002117451
"DK",2016,
"DK",2017,
"DO",1981,0.01387546
"DO",1982,
"DO",1983,
"DO",1984,0.01867688
"DO",1985,
"DO",1986,
"DO",1987,0.03567292
"DO",1988,
"DO",1989,
"DO",1990,0.05755703
"DO",1991,
"DO",1992,
"DO",1993,0.02215315
"DO",1994,
"DO",1995,
"DO",1996,0.03238708
"DO",1997,
"DO",1998,
"DO",1999,0.03575072
"DO",2000,
"DO",2001,
"DO",2002,0.04482871
"DO",2003,
"DO",2004,
"DO",2005,0.0549491
"DO",2006,
"DO",2007,
"DO",2008,0.04469131
"DO",2009,
"DO",2010,0.03910447
"DO",2011,0.05000088
"DO",2012,0.05547378
"DO",2013,0.05643416
"DO",2014,
"DO",2015,0.04788257
"DO",2016,
"DO",2017,
"EC",1981,0.07441892
"EC",1982,
"EC",1983,
"EC",1984,0.1022389
"EC",1985,
"EC",1986,
"EC",1987,0.1116074
"EC",1988,
"EC",1989,
"EC",1990,0.1132237
"EC",1991,
"EC",1992,
"EC",1993,0.1130244
"EC",1994,
"EC",1995,
"EC",1996,0.1318076
"EC",1997,
"EC",1998,
"EC",1999,0.1687156
"EC",2000,
"EC",2001,
"EC",2002,0.127193
"EC",2003,
"EC",2004,
"EC",2005,0.1160554
"EC",2006,
"EC",2007,
"EC",2008,0.07989566
"EC",2009,
"EC",2010,0.07065467
"EC",2011,0.0667217
"EC",2012,0.06704515
"EC",2013,0.05845186
"EC",2014,
"EC",2015,0.06806874
"EC",2016,
"EC",2017,
"EG",1981,0.004726065
"EG",1982,
"EG",1983,
"EG",1984,0.008998953
"EG",1985,
"EG",1986,
"EG",1987,0.01326146
"EG",1988,
"EG",1989,
"EG",1990,0.007824941
"EG",1991,
"EG",1992,
"EG",1993,0.007533841
"EG",1994,
"EG",1995,
"EG",1996,0.01027891
"EG",1997,
"EG",1998,
"EG",1999,0.008111703
"EG",2000,
"EG",2001,
"EG",2002,0.01466657
"EG",2003,
"EG",2004,
"EG",2005,0.0383455
"EG",2006,
"EG",2007,
"EG",2008,0.0529242
"EG",2009,
"EG",2010,0.06054821
"EG",2011,0.07167878
"EG",2012,0.07134666
"EG",2013,0.0844521
"EG",2014,
"EG",2015,0.07724547
"EG",2016,
"EG",2017,
"SV",1981,0.09134095
"SV",1982,
"SV",1983,
"SV",1984,0.1142362
"SV",1985,
"SV",1986,
"SV",1987,0.1272067
"SV",1988,
"SV",1989,
"SV",1990,0.1189953
"SV",1991,
"SV",1992,
"SV",1993,0.1082459
"SV",1994,
"SV",1995,
"SV",1996,0.1054226
"SV",1997,
"SV",1998,
"SV",1999,0.1328172
"SV",2000,
"SV",2001,
"SV",2002,0.1156792
"SV",2003,
"SV",2004,
"SV",2005,0.1006742
"SV",2006,
"SV",2007,
"SV",2008,0.07818778
"SV",2009,
"SV",2010,0.07530116
"SV",2011,0.07787153
"SV",2012,0.07217721
"SV",2013,0.06874195
"SV",2014,
"SV",2015,0.06198186
"SV",2016,
"SV",2017,
"EE",1981,0.002722506
"EE",1982,
"EE",1983,
"EE",1984,0.003027892
"EE",1985,
"EE",1986,
"EE",1987,0.003486322
"EE",1988,
"EE",1989,
"EE",1990,0.003179239
"EE",1991,
"EE",1992,
"EE",1993,0.006162944
"EE",1994,
"EE",1995,
"EE",1996,0.001511615
"EE",1997,
"EE",1998,
"EE",1999,0.003847556
"EE",2000,
"EE",2001,
"EE",2002,0.007955904
"EE",2003,
"EE",2004,
"EE",2005,0.007423179
"EE",2006,
"EE",2007,
"EE",2008,0.004928859
"EE",2009,
"EE",2010,0.009988041
"EE",2011,0.009954036
"EE",2012,0.009924788
"EE",2013,0.01186527
"EE",2014,
"EE",2015,0.007412223
"EE",2016,
"EE",2017,
"SZ",1981,0.7730185
"SZ",1982,
"SZ",1983,
"SZ",1984,0.8202959
"SZ",1985,
"SZ",1986,
"SZ",1987,0.8001999
"SZ",1988,
"SZ",1989,
"SZ",1990,0.7167974
"SZ",1991,
"SZ",1992,
"SZ",1993,0.7261823
"SZ",1994,
"SZ",1995,
"SZ",1996,0.5758194
"SZ",1997,
"SZ",1998,
"SZ",1999,0.4014063
"SZ",2000,
"SZ",2001,
"SZ",2002,0.3943899
"SZ",2003,
"SZ",2004,
"SZ",2005,0.436517
"SZ",2006,
"SZ",2007,
"SZ",2008,0.4532318
"SZ",2009,
"SZ",2010,0.4664686
"SZ",2011,0.4970024
"SZ",2012,0.5014502
"SZ",2013,0.510604
"SZ",2014,
"SZ",2015,0.5436156
"SZ",2016,
"SZ",2017,
"ET",1981,0.1649524
"ET",1982,
"ET",1983,
"ET",1984,0.2686418
"ET",1985,
"ET",1986,
"ET",1987,0.3280094
"ET",1988,
"ET",1989,
"ET",1990,0.3691216
"ET",1991,
"ET",1992,
"ET",1993,0.4939882
"ET",1994,
"ET",1995,
"ET",1996,0.468229
"ET",1997,
"ET",1998,
"ET",1999,0.4065049
"ET",2000,
"ET",2001,
"ET",2002,0.3600421
"ET",2003,
"ET",2004,
"ET",2005,0.3477279
"ET",2006,
"ET",2007,
"ET",2008,0.3855279
"ET",2009,
"ET",2010,0.4267386
"ET",2011,0.4643503
"ET",2012,0.4745665
"ET",2013,0.4955556
"ET",2014,
"ET",2015,0.488361
"ET",2016,
"ET",2017,
"FJ",1981,0.005419362
"FJ",1982,
"FJ",1983,
"FJ",1984,0.01840527
"FJ",1985,
"FJ",1986,
"FJ",1987,0.04059048
"FJ",1988,
"FJ",1989,
"FJ",1990,0.02026947
"FJ",1991,
"FJ",1992,
"FJ",1993,0.0235205
"FJ",1994,
"FJ",1995,
"FJ",1996,0.02545227
"FJ",1997,
"FJ",1998,
"FJ",1999,0.0229486
"FJ",2000,
"FJ",2001,
"FJ",2002,0.02545227
"FJ",2003,
"FJ",2004,
"FJ",2005,0.03426692
"FJ",2006,
"FJ",2007,
"FJ",2008,0.04130035
"FJ",2009,
"FJ",2010,0.04683173
"FJ",2011,0.05493725
"FJ",2012,0.05776742
"FJ",2013,0.06082492
"FJ",2014,
"FJ",2015,0.05660702
"FJ",2016,
"FJ",2017,
"FI",1981,0
"FI",1982,
"FI",1983,
"FI",1984,0
"FI",1985,
"FI",1986,
"FI",1987,0
"FI",1988,
"FI",1989,
"FI",1990,0
"FI",1991,
"FI",1992,
"FI",1993,0
"FI",1994,
"FI",1995,
"FI",1996,0
"FI",1997,
"FI",1998,
"FI",1999,0
"FI",2000,
"FI",2001,
"FI",2002,0
"FI",2003,
"FI",2004,
"FI",2005,0
"FI",2006,
"FI",2007,
"FI",2008,0
"FI",2009,
"FI",2010,0
"FI",2011,0
"FI",2012,0
"FI",2013,0
"FI",2014,
"FI",2015,0
"FI",2016,
"FI",2017,
"FR",1981,0
"FR",1982,
"FR",1983,
"FR",1984,0
"FR",1985,
"FR",1986,
"FR",1987,0
"FR",1988,
"FR",1989,
"FR",1990,0
"FR",1991,
"FR",1992,
"FR",1993,0
"FR",1994,
"FR",1995,
"FR",1996,0
"FR",1997,
"FR",1998,
"FR",1999,0
"FR",2000,
"FR",2001,
"FR",2002,0
"FR",2003,
"FR",2004,
"FR",2005,0
"FR",2006,
"FR",2007,
"FR",2008,0
"FR",2009,
"FR",2010,0
"FR",2011,0
"FR",2012,0
"FR",2013,0
"FR",2014,
"FR",2015,0.002474028
"FR",2016,
"FR",2017,
"GA",1981,0.004281611
"GA",1982,
"GA",1983,
"GA",1984,0.006943242
"GA",1985,
"GA",1986,
"GA",1987,0.02619789
"GA",1988,
"GA",1989,
"GA",1990,0.01314214
"GA",1991,
"GA",1992,
"GA",1993,0.01616891
"GA",1994,
"GA",1995,
"GA",1996,0.01967765
"GA",1997,
"GA",1998,
"GA",1999,0.02905744
"GA",2000,
"GA",2001,
"GA",2002,0.0468956
"GA",2003,
"GA",2004,
"GA",2005,0.07497202
"GA",2006,
"GA",2007,
"GA",2008,0.09638719
"GA",2009,
"GA",2010,0.101209
"GA",2011,0.1020525
"GA",2012,0.09960178
"GA",2013,0.09914405
"GA",2014,
"GA",2015,0.08831201
"GA",2016,
"GA",2017,
"GM",1981,0.3844375
"GM",1982,
"GM",1983,
"GM",1984,0.4565025
"GM",1985,
"GM",1986,
"GM",1987,0.543523
"GM",1988,
"GM",1989,
"GM",1990,0.5377361
"GM",1991,
"GM",1992,
"GM",1993,0.5553282
"GM",1994,
"GM",1995,
"GM",1996,0.6323401
"GM",1997,
"GM",1998,
"GM",1999,0.4732413
"GM",2000,
"GM",2001,
"GM",2002,0.5666566
"GM",2003,
"GM",2004,
"GM",2005,0.4059987
"GM",2006,
"GM",2007,
"GM",2008,0.3648327
"GM",2009,
"GM",2010,0.3137082
"GM",2011,0.3509468
"GM",2012,0.3205696
"GM",2013,0.3078973
"GM",2014,
"GM",2015,0.2725315
"GM",2016,
"GM",2017,
"GE",1981,0
"GE",1982,
"GE",1983,
"GE",1984,0
"GE",1985,
"GE",1986,
"GE",1987,0
"GE",1988,
"GE",1989,
"GE",1990,0
"GE",1991,
"GE",1992,
"GE",1993,0.02763479
"GE",1994,
"GE",1995,
"GE",1996,0.03071509
"GE",1997,
"GE",1998,
"GE",1999,0.1386062
"GE",2000,
"GE",2001,
"GE",2002,0.0820652
"GE",2003,
"GE",2004,
"GE",2005,0.1150793
"GE",2006,
"GE",2007,
"GE",2008,0.1372478
"GE",2009,
"GE",2010,0.1667049
"GE",2011,0.1688583
"GE",2012,0.1477106
"GE",2013,0.1315426
"GE",2014,
"GE",2015,0.1094785
"GE",2016,
"GE",2017,
"DE",1981,0
"DE",1982,
"DE",1983,
"DE",1984,0
"DE",1985,
"DE",1986,
"DE",1987,0
"DE",1988,
"DE",1989,
"DE",1990,0
"DE",1991,
"DE",1992,
"DE",1993,0.001156454
"DE",1994,
"DE",1995,
"DE",1996,0.001156454
"DE",1997,
"DE",1998,
"DE",1999,0.0002891135
"DE",2000,
"DE",2001,
"DE",2002,0
"DE",2003,
"DE",2004,
"DE",2005,0
"DE",2006,
"DE",2007,
"DE",2008,0
"DE",2009,
"DE",2010,0
"DE",2011,0
"DE",2012,0
"DE",2013,0
"DE",2014,
"DE",2015,0
"DE",2016,
"DE",2017,
"GH",1981,0.1121313
"GH",1982,
"GH",1983,
"GH",1984,0.2185456
"GH",1985,
"GH",1986,
"GH",1987,0.2355769
"GH",1988,
"GH",1989,
"GH",1990,0.2514954
"GH",1991,
"GH",1992,
"GH",1993,0.2742432
"GH",1994,
"GH",1995,
"GH",1996,0.2892766
"GH",1997,
"GH",1998,
"GH",1999,0.2475155
"GH",2000,
"GH",2001,
"GH",2002,0.2500741
"GH",2003,
"GH",2004,
"GH",2005,0.2517929
"GH",2006,
"GH",2007,
"GH",2008,0.2324314
"GH",2009,
"GH",2010,0.2316281
"GH",2011,0.2180283
"GH",2012,0.2072599
"GH",2013,0.2132129
"GH",2014,
"GH",2015,0.224229
"GH",2016,
"GH",2017,
"GR",1981,0.004982976
"GR",1982,
"GR",1983,
"GR",1984,0.004982976
"GR",1985,
"GR",1986,
"GR",1987,0.004982976
"GR",1988,
"GR",1989,
"GR",1990,0.004982976
"GR",1991,
"GR",1992,
"GR",1993,0.004982976
"GR",1994,
"GR",1995,
"GR",1996,0.004982976
"GR",1997,
"GR",1998,
"GR",1999,0.004982976
"GR",2000,
"GR",2001,
"GR",2002,0.004982976
"GR",2003,
"GR",2004,
"GR",2005,0.002438059
"GR",2006,
"GR",2007,
"GR",2008,0.004960024
"GR",2009,
"GR",2010,0.009974103
"GR",2011,0.01496775
"GR",2012,0.02208852
"GR",2013,0.01712618
"GR",2014,
"GR",2015,0.02499892
"GR",2016,
"GR",2017,
"GT",1981,0.2266164
"GT",1982,
"GT",1983,
"GT",1984,0.3087971
"GT",1985,
"GT",1986,
"GT",1987,0.3205343
"GT",1988,
"GT",1989,
"GT",1990,0.2395819
"GT",1991,
"GT",1992,
"GT",1993,0.1752437
"GT",1994,
"GT",1995,
"GT",1996,0.1314963
"GT",1997,
"GT",1998,
"GT",1999,0.077594
"GT",2000,
"GT",2001,
"GT",2002,0.07516818
"GT",2003,
"GT",2004,
"GT",2005,0.1047203
"GT",2006,
"GT",2007,
"GT",2008,0.1108768
"GT",2009,
"GT",2010,0.1295878
"GT",2011,0.144076
"GT",2012,0.1513613
"GT",2013,0.1669945
"GT",2014,
"GT",2015,0.1694665
"GT",2016,
"GT",2017,
"GN",1981,0.7421773
"GN",1982,
"GN",1983,
"GN",1984,0.8081719
"GN",1985,
"GN",1986,
"GN",1987,0.8284246
"GN",1988,
"GN",1989,
"GN",1990,0.8178079
"GN",1991,
"GN",1992,
"GN",1993,0.5133066
"GN",1994,
"GN",1995,
"GN",1996,0.4221286
"GN",1997,
"GN",1998,
"GN",1999,0.4721382
"GN",2000,
"GN",2001,
"GN",2002,0.5415681
"GN",2003,
"GN",2004,
"GN",2005,0.6000717
"GN",2006,
"GN",2007,
"GN",2008,0.5709579
"GN",2009,
"GN",2010,0.6362678
"GN",2011,0.5867094
"GN",2012,0.5089581
"GN",2013,0.5396015
"GN",2014,
"GN",2015,0.5626338
"GN",2016,
"GN",2017,
"GW",1981,0.2827195
"GW",1982,
"GW",1983,
"GW",1984,0.3210601
"GW",1985,
"GW",1986,
"GW",1987,0.3524079
"GW",1988,
"GW",1989,
"GW",1990,0.3227073
"GW",1991,
"GW",1992,
"GW",1993,0.4699243
"GW",1994,
"GW",1995,
"GW",1996,0.3798591
"GW",1997,
"GW",1998,
"GW",1999,0.4806064
"GW",2000,
"GW",2001,
"GW",2002,0.4471451
"GW",2003,
"GW",2004,
"GW",2005,0.5739855
"GW",2006,
"GW",2007,
"GW",2008,0.6605709
"GW",2009,
"GW",2010,0.7263725
"GW",2011,0.7320516
"GW",2012,0.7536409
"GW",2013,0.772817
"GW",2014,
"GW",2015,0.7890075
"GW",2016,
"GW",2017,
"GY",1981,0.08114164
"GY",1982,
"GY",1983,
"GY",1984,0.188593
"GY",1985,
"GY",1986,
"GY",1987,0.2220197
"GY",1988,
"GY",1989,
"GY",1990,0.2552073
"GY",1991,
"GY",1992,
"GY",1993,0.1694434
"GY",1994,
"GY",1995,
"GY",1996,0.1110828
"GY",1997,
"GY",1998,
"GY",1999,0.0966974
"GY",2000,
"GY",2001,
"GY",2002,0.1030082
"GY",2003,
"GY",2004,
"GY",2005,0.1236374
"GY",2006,
"GY",2007,
"GY",2008,0.1106436
"GY",2009,
"GY",2010,0.1093443
"GY",2011,0.1129376
"GY",2012,0.1108628
"GY",2013,0.1142311
"GY",2014,
"GY",2015,0.1154723
"GY",2016,
"GY",2017,
"HN",1981,0.2141006
"HN",1982,
"HN",1983,
"HN",1984,0.2663951
"HN",1985,
"HN",1986,
"HN",1987,0.3012121
"HN",1988,
"HN",1989,
"HN",1990,0.3132128
"HN",1991,
"HN",1992,
"HN",1993,0.1364039
"HN",1994,
"HN",1995,
"HN",1996,0.2432119
"HN",1997,
"HN",1998,
"HN",1999,0.2089126
"HN",2000,
"HN",2001,
"HN",2002,0.1997966
"HN",2003,
"HN",2004,
"HN",2005,0.2605763
"HN",2006,
"HN",2007,
"HN",2008,0.1761726
"HN",2009,
"HN",2010,0.1784938
"HN",2011,0.2161762
"HN",2012,0.259022
"HN",2013,0.2514345
"HN",2014,
"HN",2015,0.2613618
"HN",2016,
"HN",2017,
"HU",1981,0.0004237125
"HU",1982,
"HU",1983,
"HU",1984,0.0004509967
"HU",1985,
"HU",1986,
"HU",1987,0.0004537471
"HU",1988,
"HU",1989,
"HU",1990,0.0004743323
"HU",1991,
"HU",1992,
"HU",1993,0.001217408
"HU",1994,
"HU",1995,
"HU",1996,0.001700319
"HU",1997,
"HU",1998,
"HU",1999,0.0001876305
"HU",2000,
"HU",2001,
"HU",2002,0
"HU",2003,
"HU",2004,
"HU",2005,0
"HU",2006,
"HU",2007,
"HU",2008,0
"HU",2009,
"HU",2010,0
"HU",2011,0.002431676
"HU",2012,0.0047583
"HU",2013,0.002440178
"HU",2014,
"HU",2015,0.009841962
"HU",2016,
"HU",2017,
"IS",1981,0
"IS",1982,
"IS",1983,
"IS",1984,0
"IS",1985,
"IS",1986,
"IS",1987,0
"IS",1988,
"IS",1989,
"IS",1990,0
"IS",1991,
"IS",1992,
"IS",1993,0
"IS",1994,
"IS",1995,
"IS",1996,0
"IS",1997,
"IS",1998,
"IS",1999,0
"IS",2000,
"IS",2001,
"IS",2002,0
"IS",2003,
"IS",2004,
"IS",2005,0
"IS",2006,
"IS",2007,
"IS",2008,0
"IS",2009,
"IS",2010,0.002497277
"IS",2011,0.002494745
"IS",2012,0
"IS",2013,0
"IS",2014,
"IS",2015,0
"IS",2016,
"IS",2017,
"IN",1981,0.1540057
"IN",1982,
"IN",1983,
"IN",1984,0.2160184
"IN",1985,
"IN",1986,
"IN",1987,0.2383874
"IN",1988,
"IN",1989,
"IN",1990,0.1946075
"IN",1991,
"IN",1992,
"IN",1993,0.2025447
"IN",1994,
"IN",1995,
"IN",1996,0.2619859
"IN",1997,
"IN",1998,
"IN",1999,0.2567433
"IN",2000,
"IN",2001,
"IN",2002,0.2940593
"IN",2003,
"IN",2004,
"IN",2005,0.3578637
"IN",2006,
"IN",2007,
"IN",2008,0.3745222
"IN",2009,
"IN",2010,0.3753548
"IN",2011,0.3601181
"IN",2012,0.3651397
"IN",2013,0.3812419
"IN",2014,
"IN",2015,0.3650683
"IN",2016,
"IN",2017,
"ID",1981,0.3352171
"ID",1982,
"ID",1983,
"ID",1984,0.3902386
"ID",1985,
"ID",1986,
"ID",1987,0.4432456
"ID",1988,
"ID",1989,
"ID",1990,0.2915592
"ID",1991,
"ID",1992,
"ID",1993,0.3178368
"ID",1994,
"ID",1995,
"ID",1996,0.302722
"ID",1997,
"ID",1998,
"ID",1999,0.2441805
"ID",2000,
"ID",2001,
"ID",2002,0.13229
"ID",2003,
"ID",2004,
"ID",2005,0.1962401
"ID",2006,
"ID",2007,
"ID",2008,0.2453588
"ID",2009,
"ID",2010,0.2262923
"ID",2011,0.2420461
"ID",2012,0.2443373
"ID",2013,0.2535107
"ID",2014,
"ID",2015,0.2362112
"ID",2016,
"ID",2017,
"IR",1981,0.0146391
"IR",1982,
"IR",1983,
"IR",1984,0.01156436
"IR",1985,
"IR",1986,
"IR",1987,0.03309145
"IR",1988,
"IR",1989,
"IR",1990,0.01820498
"IR",1991,
"IR",1992,
"IR",1993,0.007678789
"IR",1994,
"IR",1995,
"IR",1996,0.01262337
"IR",1997,
"IR",1998,
"IR",1999,0.008914908
"IR",2000,
"IR",2001,
"IR",2002,0.004106097
"IR",2003,
"IR",2004,
"IR",2005,0.004135236
"IR",2006,
"IR",2007,
"IR",2008,0.008712288
"IR",2009,
"IR",2010,0.009181903
"IR",2011,0.007476646
"IR",2012,0.00571242
"IR",2013,0.00405503
"IR",2014,
"IR",2015,0.0165859
"IR",2016,
"IR",2017,
"IQ",1981,0.002694392
"IQ",1982,
"IQ",1983,
"IQ",1984,0.0198149
"IQ",1985,
"IQ",1986,
"IQ",1987,0.02160425
"IQ",1988,
"IQ",1989,
"IQ",1990,0.00316863
"IQ",1991,
"IQ",1992,
"IQ",1993,0.06363917
"IQ",1994,
"IQ",1995,
"IQ",1996,0.07808758
"IQ",1997,
"IQ",1998,
"IQ",1999,0.006099253
"IQ",2000,
"IQ",2001,
"IQ",2002,0.01428022
"IQ",2003,
"IQ",2004,
"IQ",2005,0.02596452
"IQ",2006,
"IQ",2007,
"IQ",2008,0.02847424
"IQ",2009,
"IQ",2010,0.04221976
"IQ",2011,0.0572072
"IQ",2012,0.06206723
"IQ",2013,0.07116118
"IQ",2014,
"IQ",2015,0.09298851
"IQ",2016,
"IQ",2017,
"IE",1981,0.002425839
"IE",1982,
"IE",1983,
"IE",1984,0.002425839
"IE",1985,
"IE",1986,
"IE",1987,0.002425839
"IE",1988,
"IE",1989,
"IE",1990,0.002425839
"IE",1991,
"IE",1992,
"IE",1993,0.002425839
"IE",1994,
"IE",1995,
"IE",1996,0.002425839
"IE",1997,
"IE",1998,
"IE",1999,0.002425839
"IE",2000,
"IE",2001,
"IE",2002,0
"IE",2003,
"IE",2004,
"IE",2005,0
"IE",2006,
"IE",2007,
"IE",2008,0.002007196
"IE",2009,
"IE",2010,0.004886094
"IE",2011,0.00471958
"IE",2012,0.004654939
"IE",2013,0.007410097
"IE",2014,
"IE",2015,0.004852196
"IE",2016,
"IE",2017,
"IL",1981,0.0006728586
"IL",1982,
"IL",1983,
"IL",1984,0.001682146
"IL",1985,
"IL",1986,
"IL",1987,0.001962504
"IL",1988,
"IL",1989,
"IL",1990,0.0007850017
"IL",1991,
"IL",1992,
"IL",1993,0.0004912166
"IL",1994,
"IL",1995,
"IL",1996,0.001964866
"IL",1997,
"IL",1998,
"IL",1999,0.001228042
"IL",2000,
"IL",2001,
"IL",2002,0.00120526
"IL",2003,
"IL",2004,
"IL",2005,0.00482104
"IL",2006,
"IL",2007,
"IL",2008,0.004915873
"IL",2009,
"IL",2010,0.004941647
"IL",2011,0.006199585
"IL",2012,0.007457522
"IL",2013,0.007457522
"IL",2014,
"IL",2015,0.007457522
"IL",2016,
"IL",2017,
"IT",1981,0.007406947
"IT",1982,
"IT",1983,
"IT",1984,0.007406947
"IT",1985,
"IT",1986,
"IT",1987,0.007406947
"IT",1988,
"IT",1989,
"IT",1990,0.007406947
"IT",1991,
"IT",1992,
"IT",1993,0.007406947
"IT",1994,
"IT",1995,
"IT",1996,0.007406947
"IT",1997,
"IT",1998,
"IT",1999,0.007406947
"IT",2000,
"IT",2001,
"IT",2002,0.007406947
"IT",2003,
"IT",2004,
"IT",2005,0.007431497
"IT",2006,
"IT",2007,
"IT",2008,0.007489076
"IT",2009,
"IT",2010,0.01246317
"IT",2011,0.0123819
"IT",2012,0.01497788
"IT",2013,0.01742365
"IT",2014,
"IT",2015,0.02238781
"IT",2016,
"IT",2017,
"JM",1981,0.01230398
"JM",1982,
"JM",1983,
"JM",1984,0.02047856
"JM",1985,
"JM",1986,
"JM",1987,0.02432215
"JM",1988,
"JM",1989,
"JM",1990,0.01135569
"JM",1991,
"JM",1992,
"JM",1993,0.03752816
"JM",1994,
"JM",1995,
"JM",1996,0.01799036
"JM",1997,
"JM",1998,
"JM",1999,0.01619111
"JM",2000,
"JM",2001,
"JM",2002,0.01880906
"JM",2003,
"JM",2004,
"JM",2005,0.01593877
"JM",2006,
"JM",2007,
"JM",2008,0.01836437
"JM",2009,
"JM",2010,0.03222753
"JM",2011,0.03781447
"JM",2012,0.04137189
"JM",2013,0.04903257
"JM",2014,
"JM",2015,0.06258638
"JM",2016,
"JM",2017,
"JP",1981,0.00220788
"JP",1982,
"JP",1983,
"JP",1984,0.00220788
"JP",1985,
"JP",1986,
"JP",1987,0.00220788
"JP",1988,
"JP",1989,
"JP",1990,0.00220788
"JP",1991,
"JP",1992,
"JP",1993,0.00220788
"JP",1994,
"JP",1995,
"JP",1996,0.00220788
"JP",1997,
"JP",1998,
"JP",1999,0.00220788
"JP",2000,
"JP",2001,
"JP",2002,0.00220788
"JP",2003,
"JP",2004,
"JP",2005,0.00220788
"JP",2006,
"JP",2007,
"JP",2008,0.00220788
"JP",2009,
"JP",2010,0.004755434
"JP",2011,0.004755434
"JP",2012,0.004755434
"JP",2013,0.004755434
"JP",2014,
"JP",2015,0.004755434
"JP",2016,
"JP",2017,
"JO",1981,0
"JO",1982,
"JO",1983,
"JO",1984,0
"JO",1985,
"JO",1986,
"JO",1987,0.0001690107
"JO",1988,
"JO",1989,
"JO",1990,0.004255485
"JO",1991,
"JO",1992,
"JO",1993,0.005338729
"JO",1994,
"JO",1995,
"JO",1996,0.00635858
"JO",1997,
"JO",1998,
"JO",1999,0.005352131
"JO",2000,
"JO",2001,
"JO",2002,0.00417952
"JO",2003,
"JO",2004,
"JO",2005,0.003720841
"JO",2006,
"JO",2007,
"JO",2008,0.001984141
"JO",2009,
"JO",2010,0.002625543
"JO",2011,0.003806785
"JO",2012,0.005863349
"JO",2013,0.01054675
"JO",2014,
"JO",2015,0.0152771
"JO",2016,
"JO",2017,
"KZ",1981,0
"KZ",1982,
"KZ",1983,
"KZ",1984,0
"KZ",1985,
"KZ",1986,
"KZ",1987,0
"KZ",1988,
"KZ",1989,
"KZ",1990,0
"KZ",1991,
"KZ",1992,
"KZ",1993,0.005423608
"KZ",1994,
"KZ",1995,
"KZ",1996,0.03869423
"KZ",1997,
"KZ",1998,
"KZ",1999,0.05723479
"KZ",2000,
"KZ",2001,
"KZ",2002,0.04046836
"KZ",2003,
"KZ",2004,
"KZ",2005,0.0650455
"KZ",2006,
"KZ",2007,
"KZ",2008,0.001694041
"KZ",2009,
"KZ",2010,0.002377808
"KZ",2011,0.001260751
"KZ",2012,0.0007838823
"KZ",2013,0.0006964194
"KZ",2014,
"KZ",2015,0.001193659
"KZ",2016,
"KZ",2017,
"KE",1981,0.1105605
"KE",1982,
"KE",1983,
"KE",1984,0.171207
"KE",1985,
"KE",1986,
"KE",1987,0.1816807
"KE",1988,
"KE",1989,
"KE",1990,0.1660299
"KE",1991,
"KE",1992,
"KE",1993,0.2403436
"KE",1994,
"KE",1995,
"KE",1996,0.2078616
"KE",1997,
"KE",1998,
"KE",1999,0.2519904
"KE",2000,
"KE",2001,
"KE",2002,0.3433587
"KE",2003,
"KE",2004,
"KE",2005,0.4263525
"KE",2006,
"KE",2007,
"KE",2008,0.4502619
"KE",2009,
"KE",2010,0.4725813
"KE",2011,0.501415
"KE",2012,0.5140856
"KE",2013,0.5443308
"KE",2014,
"KE",2015,0.568024
"KE",2016,
"KE",2017,
"KI",1981,0.008604124
"KI",1982,
"KI",1983,
"KI",1984,0.01158488
"KI",1985,
"KI",1986,
"KI",1987,0.03599227
"KI",1988,
"KI",1989,
"KI",1990,0.03690786
"KI",1991,
"KI",1992,
"KI",1993,0.0486911
"KI",1994,
"KI",1995,
"KI",1996,0.07202057
"KI",1997,
"KI",1998,
"KI",1999,0.07102414
"KI",2000,
"KI",2001,
"KI",2002,0.0763551
"KI",2003,
"KI",2004,
"KI",2005,0.1116539
"KI",2006,
"KI",2007,
"KI",2008,0.1465067
"KI",2009,
"KI",2010,0.1896715
"KI",2011,0.224206
"KI",2012,0.2246612
"KI",2013,0.2428909
"KI",2014,
"KI",2015,0.2317161
"KI",2016,
"KI",2017,
"KR",1981,0.007493772
"KR",1982,
"KR",1983,
"KR",1984,0.007493772
"KR",1985,
"KR",1986,
"KR",1987,0.004922011
"KR",1988,
"KR",1989,
"KR",1990,0.004922011
"KR",1991,
"KR",1992,
"KR",1993,0.004922011
"KR",1994,
"KR",1995,
"KR",1996,0.002494423
"KR",1997,
"KR",1998,
"KR",1999,0.002494423
"KR",2000,
"KR",2001,
"KR",2002,0.002494423
"KR",2003,
"KR",2004,
"KR",2005,0.002494423
"KR",2006,
"KR",2007,
"KR",2008,0.002427591
"KR",2009,
"KR",2010,0.004958997
"KR",2011,0.004964279
"KR",2012,0.004969561
"KR",2013,0.004969561
"KR",2014,
"KR",2015,0.004969561
"KR",2016,
"KR",2017,
"KG",1981,0.02380123
"KG",1982,
"KG",1983,
"KG",1984,0.03052099
"KG",1985,
"KG",1986,
"KG",1987,0.03958694
"KG",1988,
"KG",1989,
"KG",1990,0.04609434
"KG",1991,
"KG",1992,
"KG",1993,0.1047798
"KG",1994,
"KG",1995,
"KG",1996,0.2379494
"KG",1997,
"KG",1998,
"KG",1999,0.1541963
"KG",2000,
"KG",2001,
"KG",2002,0.2458104
"KG",2003,
"KG",2004,
"KG",2005,0.1460121
"KG",2006,
"KG",2007,
"KG",2008,0.05445515
"KG",2009,
"KG",2010,0.06629428
"KG",2011,0.04999166
"KG",2012,0.06998024
"KG",2013,0.1166505
"KG",2014,
"KG",2015,0.1220513
"KG",2016,
"KG",2017,
"LV",1981,0
"LV",1982,
"LV",1983,
"LV",1984,0
"LV",1985,
"LV",1986,
"LV",1987,0
"LV",1988,
"LV",1989,
"LV",1990,0
"LV",1991,
"LV",1992,
"LV",1993,0
"LV",1994,
"LV",1995,
"LV",1996,0.003412114
"LV",1997,
"LV",1998,
"LV",1999,0.007461127
"LV",2000,
"LV",2001,
"LV",2002,0.004922887
"LV",2003,
"LV",2004,
"LV",2005,0.02191939
"LV",2006,
"LV",2007,
"LV",2008,0.0002712719
"LV",2009,
"LV",2010,0.01982702
"LV",2011,0.01495454
"LV",2012,0.01499188
"LV",2013,0.01463895
"LV",2014,
"LV",2015,0.01212913
"LV",2016,
"LV",2017,
"LS",1981,0.3002272
"LS",1982,
"LS",1983,
"LS",1984,0.3378854
"LS",1985,
"LS",1986,
"LS",1987,0.3697372
"LS",1988,
"LS",1989,
"LS",1990,0.370145
"LS",1991,
"LS",1992,
"LS",1993,0.3974018
"LS",1994,
"LS",1995,
"LS",1996,0.4507988
"LS",1997,
"LS",1998,
"LS",1999,0.4966889
"LS",2000,
"LS",2001,
"LS",2002,0.5492333
"LS",2003,
"LS",2004,
"LS",2005,0.6056067
"LS",2006,
"LS",2007,
"LS",2008,0.6232202
"LS",2009,
"LS",2010,0.6481228
"LS",2011,0.6537819
"LS",2012,0.6490424
"LS",2013,0.6718776
"LS",2014,
"LS",2015,0.6833289
"LS",2016,
"LS",2017,
"LR",1981,0.01531219
"LR",1982,
"LR",1983,
"LR",1984,0.02178717
"LR",1985,
"LR",1986,
"LR",1987,0.03439875
"LR",1988,
"LR",1989,
"LR",1990,0.2664559
"LR",1991,
"LR",1992,
"LR",1993,0.8396419
"LR",1994,
"LR",1995,
"LR",1996,0.9308668
"LR",1997,
"LR",1998,
"LR",1999,0.5175478
"LR",2000,
"LR",2001,
"LR",2002,0.4206759
"LR",2003,
"LR",2004,
"LR",2005,0.7263462
"LR",2006,
"LR",2007,
"LR",2008,0.6788086
"LR",2009,
"LR",2010,0.6721948
"LR",2011,0.6517237
"LR",2012,0.6071385
"LR",2013,0.5984227
"LR",2014,
"LR",2015,0.6495208
"LR",2016,
"LR",2017,
"LT",1981,0
"LT",1982,
"LT",1983,
"LT",1984,0
"LT",1985,
"LT",1986,
"LT",1987,0
"LT",1988,
"LT",1989,
"LT",1990,0
"LT",1991,
"LT",1992,
"LT",1993,0
"LT",1994,
"LT",1995,
"LT",1996,0
"LT",1997,
"LT",1998,
"LT",1999,0.001286489
"LT",2000,
"LT",2001,
"LT",2002,0.001644754
"LT",2003,
"LT",2004,
"LT",2005,0.01711676
"LT",2006,
"LT",2007,
"LT",2008,0.001717106
"LT",2009,
"LT",2010,0.01719192
"LT",2011,0.009398543
"LT",2012,0.00981115
"LT",2013,0.01496097
"LT",2014,
"LT",2015,0.01158993
"LT",2016,
"LT",2017,
"LU",1981,0
"LU",1982,
"LU",1983,
"LU",1984,0
"LU",1985,
"LU",1986,
"LU",1987,0
"LU",1988,
"LU",1989,
"LU",1990,0
"LU",1991,
"LU",1992,
"LU",1993,0
"LU",1994,
"LU",1995,
"LU",1996,0
"LU",1997,
"LU",1998,
"LU",1999,0
"LU",2000,
"LU",2001,
"LU",2002,0
"LU",2003,
"LU",2004,
"LU",2005,0
"LU",2006,
"LU",2007,
"LU",2008,0
"LU",2009,
"LU",2010,0
"LU",2011,0
"LU",2012,0
"LU",2013,0.001340554
"LU",2014,
"LU",2015,0.002011616
"LU",2016,
"LU",2017,
"MG",1981,0.238622
"MG",1982,
"MG",1983,
"MG",1984,0.3395888
"MG",1985,
"MG",1986,
"MG",1987,0.408587
"MG",1988,
"MG",1989,
"MG",1990,0.3815495
"MG",1991,
"MG",1992,
"MG",1993,0.4903431
"MG",1994,
"MG",1995,
"MG",1996,0.5484705
"MG",1997,
"MG",1998,
"MG",1999,0.5273566
"MG",2000,
"MG",2001,
"MG",2002,0.6984519
"MG",2003,
"MG",2004,
"MG",2005,0.7118865
"MG",2006,
"MG",2007,
"MG",2008,0.7403926
"MG",2009,
"MG",2010,0.8210688
"MG",2011,0.840604
"MG",2012,0.8438367
"MG",2013,0.8607218
"MG",2014,
"MG",2015,0.8740884
"MG",2016,
"MG",2017,
"MW",1981,0.2629875
"MW",1982,
"MW",1983,
"MW",1984,0.3531335
"MW",1985,
"MW",1986,
"MW",1987,0.48156
"MW",1988,
"MW",1989,
"MW",1990,0.5101172
"MW",1991,
"MW",1992,
"MW",1993,0.489503
"MW",1994,
"MW",1995,
"MW",1996,0.5094548
"MW",1997,
"MW",1998,
"MW",1999,0.5210112
"MW",2000,
"MW",2001,
"MW",2002,0.6563777
"MW",2003,
"MW",2004,
"MW",2005,0.7183677
"MW",2006,
"MW",2007,
"MW",2008,0.7439161
"MW",2009,
"MW",2010,0.767235
"MW",2011,0.7857355
"MW",2012,0.8038616
"MW",2013,0.8172373
"MW",2014,
"MW",2015,0.8289726
"MW",2016,
"MW",2017,
"MY",1981,0.002987763
"MY",1982,
"MY",1983,
"MY",1984,0.004536559
"MY",1985,
"MY",1986,
"MY",1987,0.002500472
"MY",1988,
"MY",1989,
"MY",1990,0.001045124
"MY",1991,
"MY",1992,
"MY",1993,0.0006522321
"MY",1994,
"MY",1995,
"MY",1996,0.0007888052
"MY",1997,
"MY",1998,
"MY",1999,0.002705387
"MY",2000,
"MY",2001,
"MY",2002,0.002896429
"MY",2003,
"MY",2004,
"MY",2005,0.004606134
"MY",2006,
"MY",2007,
"MY",2008,0.006238913
"MY",2009,
"MY",2010,0.004211319
"MY",2011,0.002330852
"MY",2012,0.001616942
"MY",2013,0.001181947
"MY",2014,
"MY",2015,0.0009791784
"MY",2016,
"MY",2017,
"ML",1981,0.7025873
"ML",1982,
"ML",1983,
"ML",1984,0.7959128
"ML",1985,
"ML",1986,
"ML",1987,0.7746903
"ML",1988,
"ML",1989,
"ML",1990,0.7606772
"ML",1991,
"ML",1992,
"ML",1993,0.7607833
"ML",1994,
"ML",1995,
"ML",1996,0.751081
"ML",1997,
"ML",1998,
"ML",1999,0.6128219
"ML",2000,
"ML",2001,
"ML",2002,0.5079314
"ML",2003,
"ML",2004,
"ML",2005,0.5134538
"ML",2006,
"ML",2007,
"ML",2008,0.5427516
"ML",2009,
"ML",2010,0.5701412
"ML",2011,0.6115923
"ML",2012,0.6540405
"ML",2013,0.6915851
"ML",2014,
"ML",2015,0.6879257
"ML",2016,
"ML",2017,
"MT",1981,0.004906659
"MT",1982,
"MT",1983,
"MT",1984,0.004906659
"MT",1985,
"MT",1986,
"MT",1987,0.004906659
"MT",1988,
"MT",1989,
"MT",1990,0.004906659
"MT",1991,
"MT",1992,
"MT",1993,0.004906659
"MT",1994,
"MT",1995,
"MT",1996,0.004906659
"MT",1997,
"MT",1998,
"MT",1999,0.004906659
"MT",2000,
"MT",2001,
"MT",2002,0.004906659
"MT",2003,
"MT",2004,
"MT",2005,0.004906659
"MT",2006,
"MT",2007,
"MT",2008,0.002399151
"MT",2009,
"MT",2010,0.002201824
"MT",2011,0.002369812
"MT",2012,0.002468043
"MT",2013,0
"MT",2014,
"MT",2015,0
"MT",2016,
"MT",2017,
"MR",1981,0.1654913
"MR",1982,
"MR",1983,
"MR",1984,0.2367615
"MR",1985,
"MR",1986,
"MR",1987,0.2605175
"MR",1988,
"MR",1989,
"MR",1990,0.2455933
"MR",1991,
"MR",1992,
"MR",1993,0.2328326
"MR",1994,
"MR",1995,
"MR",1996,0.1183127
"MR",1997,
"MR",1998,
"MR",1999,0.1144378
"MR",2000,
"MR",2001,
"MR",2002,0.1356234
"MR",2003,
"MR",2004,
"MR",2005,0.1268919
"MR",2006,
"MR",2007,
"MR",2008,0.1246134
"MR",2009,
"MR",2010,0.1421166
"MR",2011,0.1549372
"MR",2012,0.1504735
"MR",2013,0.1525986
"MR",2014,
"MR",2015,0.163866
"MR",2016,
"MR",2017,
"MU",1981,0.02770353
"MU",1982,
"MU",1983,
"MU",1984,0.03749713
"MU",1985,
"MU",1986,
"MU",1987,0.0243484
"MU",1988,
"MU",1989,
"MU",1990,0.0130069
"MU",1991,
"MU",1992,
"MU",1993,0.009218072
"MU",1994,
"MU",1995,
"MU",1996,0.009218072
"MU",1997,
"MU",1998,
"MU",1999,0.006508098
"MU",2000,
"MU",2001,
"MU",2002,0.005522865
"MU",2003,
"MU",2004,
"MU",2005,0.006040997
"MU",2006,
"MU",2007,
"MU",2008,0.005327871
"MU",2009,
"MU",2010,0.007790874
"MU",2011,0.009912613
"MU",2012,0.01073869
"MU",2013,0.01346501
"MU",2014,
"MU",2015,0.0133327
"MU",2016,
"MU",2017,
"MX",1981,0.009699983
"MX",1982,
"MX",1983,
"MX",1984,0.02679935
"MX",1985,
"MX",1986,
"MX",1987,0.04337438
"MX",1988,
"MX",1989,
"MX",1990,0.03263668
"MX",1991,
"MX",1992,
"MX",1993,0.02947669
"MX",1994,
"MX",1995,
"MX",1996,0.06946161
"MX",1997,
"MX",1998,
"MX",1999,0.06875247
"MX",2000,
"MX",2001,
"MX",2002,0.04622755
"MX",2003,
"MX",2004,
"MX",2005,0.05977388
"MX",2006,
"MX",2007,
"MX",2008,0.04763928
"MX",2009,
"MX",2010,0.05517684
"MX",2011,0.06094539
"MX",2012,0.06283677
"MX",2013,0.07642933
"MX",2014,
"MX",2015,0.08130419
"MX",2016,
"MX",2017,
"MN",1981,0.01070249
"MN",1982,
"MN",1983,
"MN",1984,0.0138514
"MN",1985,
"MN",1986,
"MN",1987,0.01373287
"MN",1988,
"MN",1989,
"MN",1990,0.01419544
"MN",1991,
"MN",1992,
"MN",1993,0.0602944
"MN",1994,
"MN",1995,
"MN",1996,0.1094425
"MN",1997,
"MN",1998,
"MN",1999,0.133038
"MN",2000,
"MN",2001,
"MN",2002,0.06737639
"MN",2003,
"MN",2004,
"MN",2005,0.03856019
"MN",2006,
"MN",2007,
"MN",2008,0.01541995
"MN",2009,
"MN",2010,0.01710747
"MN",2011,0.01582163
"MN",2012,0.009710821
"MN",2013,0.01110413
"MN",2014,
"MN",2015,0.01331729
"MN",2016,
"MN",2017,
"MA",1981,0.01295812
"MA",1982,
"MA",1983,
"MA",1984,0.01892902
"MA",1985,
"MA",1986,
"MA",1987,0.01300434
"MA",1988,
"MA",1989,
"MA",1990,0.004202993
"MA",1991,
"MA",1992,
"MA",1993,0.01350201
"MA",1994,
"MA",1995,
"MA",1996,0.01944461
"MA",1997,
"MA",1998,
"MA",1999,0.03008661
"MA",2000,
"MA",2001,
"MA",2002,0.0351588
"MA",2003,
"MA",2004,
"MA",2005,0.03953836
"MA",2006,
"MA",2007,
"MA",2008,0.02883859
"MA",2009,
"MA",2010,0.02782521
"MA",2011,0.02956647
"MA",2012,0.02993876
"MA",2013,0.03431796
"MA",2014,
"MA",2015,0.0381177
"MA",2016,
"MA",2017,
"MZ",1981,0.6470238
"MZ",1982,
"MZ",1983,
"MZ",1984,0.8184976
"MZ",1985,
"MZ",1986,
"MZ",1987,0.8135458
"MZ",1988,
"MZ",1989,
"MZ",1990,0.775587
"MZ",1991,
"MZ",1992,
"MZ",1993,0.7922807
"MZ",1994,
"MZ",1995,
"MZ",1996,0.7606258
"MZ",1997,
"MZ",1998,
"MZ",1999,0.740704
"MZ",2000,
"MZ",2001,
"MZ",2002,0.7466439
"MZ",2003,
"MZ",2004,
"MZ",2005,0.7494822
"MZ",2006,
"MZ",2007,
"MZ",2008,0.7226369
"MZ",2009,
"MZ",2010,0.7262064
"MZ",2011,0.741674
"MZ",2012,0.7427536
"MZ",2013,0.7552303
"MZ",2014,
"MZ",2015,0.7574846
"MZ",2016,
"MZ",2017,
"MM",1981,0.7514483
"MM",1982,
"MM",1983,
"MM",1984,0.7873985
"MM",1985,
"MM",1986,
"MM",1987,0.8614678
"MM",1988,
"MM",1989,
"MM",1990,0.8970993
"MM",1991,
"MM",1992,
"MM",1993,0.8725165
"MM",1994,
"MM",1995,
"MM",1996,0.8526645
"MM",1997,
"MM",1998,
"MM",1999,0.7814341
"MM",2000,
"MM",2001,
"MM",2002,0.6449672
"MM",2003,
"MM",2004,
"MM",2005,0.4885468
"MM",2006,
"MM",2007,
"MM",2008,0.30883
"MM",2009,
"MM",2010,0.2410193
"MM",2011,0.2516296
"MM",2012,0.2350774
"MM",2013,0.2284575
"MM",2014,
"MM",2015,0.1869537
"MM",2016,
"MM",2017,
"NA",1981,0.2640602
"NA",1982,
"NA",1983,
"NA",1984,0.3454384
"NA",1985,
"NA",1986,
"NA",1987,0.3840598
"NA",1988,
"NA",1989,
"NA",1990,0.4066782
"NA",1991,
"NA",1992,
"NA",1993,0.4075907
"NA",1994,
"NA",1995,
"NA",1996,0.4424754
"NA",1997,
"NA",1998,
"NA",1999,0.283574
"NA",2000,
"NA",2001,
"NA",2002,0.2950239
"NA",2003,
"NA",2004,
"NA",2005,0.2831411
"NA",2006,
"NA",2007,
"NA",2008,0.264351
"NA",2009,
"NA",2010,0.2654536
"NA",2011,0.2664321
"NA",2012,0.2557143
"NA",2013,0.2550124
"NA",2014,
"NA",2015,0.2329708
"NA",2016,
"NA",2017,
"NP",1981,0.3211695
"NP",1982,
"NP",1983,
"NP",1984,0.4229859
"NP",1985,
"NP",1986,
"NP",1987,0.4557685
"NP",1988,
"NP",1989,
"NP",1990,0.4422788
"NP",1991,
"NP",1992,
"NP",1993,0.4244762
"NP",1994,
"NP",1995,
"NP",1996,0.4342899
"NP",1997,
"NP",1998,
"NP",1999,0.3953071
"NP",2000,
"NP",2001,
"NP",2002,0.3707576
"NP",2003,
"NP",2004,
"NP",2005,0.3873676
"NP",2006,
"NP",2007,
"NP",2008,0.3167046
"NP",2009,
"NP",2010,0.2376369
"NP",2011,0.2806684
"NP",2012,0.2142029
"NP",2013,0.244559
"NP",2014,
"NP",2015,0.2541736
"NP",2016,
"NP",2017,
"NL",1981,0.002358756
"NL",1982,
"NL",1983,
"NL",1984,0.002358756
"NL",1985,
"NL",1986,
"NL",1987,0.002358756
"NL",1988,
"NL",1989,
"NL",1990,0.002358756
"NL",1991,
"NL",1992,
"NL",1993,0.002358756
"NL",1994,
"NL",1995,
"NL",1996,0.002358756
"NL",1997,
"NL",1998,
"NL",1999,0.002358756
"NL",2000,
"NL",2001,
"NL",2002,0.002358756
"NL",2003,
"NL",2004,
"NL",2005,0
"NL",2006,
"NL",2007,
"NL",2008,0.002488934
"NL",2009,
"NL",2010,0
"NL",2011,0.002429947
"NL",2012,0
"NL",2013,0
"NL",2014,
"NL",2015,0.001954676
"NL",2016,
"NL",2017,
"NI",1981,0.01605723
"NI",1982,
"NI",1983,
"NI",1984,0.02892106
"NI",1985,
"NI",1986,
"NI",1987,0.04932764
"NI",1988,
"NI",1989,
"NI",1990,0.08764228
"NI",1991,
"NI",1992,
"NI",1993,0.1130638
"NI",1994,
"NI",1995,
"NI",1996,0.1203343
"NI",1997,
"NI",1998,
"NI",1998,
"NI",1998,
"NI",1998,
"NI",1998,
"NI",1998,
"NI",1998,
"NI",1998,
"NI",1999,0.1047342
"NI",2000,
"NI",2001,
"NI",2001,
"NI",2001,
"NI",2001,
"NI",2001,
"NI",2001,
"NI",2001,
"NI",2001,
"NI",2002,0.1195637
"NI",2003,
"NI",2004,
"NI",2005,0.1477653
"NI",2006,
"NI",2007,
"NI",2008,0.08417374
"NI",2009,
"NI",2010,0.08658471
"NI",2011,0.09179254
"NI",2012,0.0839365
"NI",2013,0.08257485
"NI",2014,
"NI",2015,0.06688908
"NI",2016,
"NI",2017,
"NE",1981,0.1469055
"NE",1982,
"NE",1983,
"NE",1984,0.4258981
"NE",1985,
"NE",1986,
"NE",1987,0.4571203
"NE",1988,
"NE",1989,
"NE",1990,0.4709126
"NE",1991,
"NE",1992,
"NE",1993,0.5976974
"NE",1994,
"NE",1995,
"NE",1996,0.7303385
"NE",1997,
"NE",1998,
"NE",1999,0.700432
"NE",2000,
"NE",2001,
"NE",2002,0.7047595
"NE",2003,
"NE",2004,
"NE",2005,0.7408343
"NE",2006,
"NE",2007,
"NE",2008,0.6887928
"NE",2009,
"NE",2010,0.628447
"NE",2011,0.6412521
"NE",2012,0.6164713
"NE",2013,0.6564707
"NE",2014,
"NE",2015,0.6720241
"NE",2016,
"NE",2017,
"NG",1981,0.1826659
"NG",1982,
"NG",1983,
"NG",1984,0.315421
"NG",1985,
"NG",1986,
"NG",1987,0.4658908
"NG",1988,
"NG",1989,
"NG",1990,0.3852531
"NG",1991,
"NG",1992,
"NG",1993,0.4379054
"NG",1994,
"NG",1995,
"NG",1996,0.5311672
"NG",1997,
"NG",1998,
"NG",1999,0.5646408
"NG",2000,
"NG",2001,
"NG",2002,0.5878563
"NG",2003,
"NG",2004,
"NG",2005,0.5209323
"NG",2006,
"NG",2007,
"NG",2008,0.5629746
"NG",2009,
"NG",2010,0.5941466
"NG",2011,0.6180716
"NG",2012,0.627301
"NG",2013,0.6454565
"NG",2014,
"NG",2015,0.6583148
"NG",2016,
"NG",2017,
"NO",1981,0.002321372
"NO",1982,
"NO",1983,
"NO",1984,0.002321372
"NO",1985,
"NO",1986,
"NO",1987,0.002321372
"NO",1988,
"NO",1989,
"NO",1990,0.002321372
"NO",1991,
"NO",1992,
"NO",1993,0.002321372
"NO",1994,
"NO",1995,
"NO",1996,0.002321372
"NO",1997,
"NO",1998,
"NO",1999,0.002321372
"NO",2000,
"NO",2001,
"NO",2002,0.002321372
"NO",2003,
"NO",2004,
"NO",2005,0.002120723
"NO",2006,
"NO",2007,
"NO",2008,0.00240151
"NO",2009,
"NO",2010,0
"NO",2011,0
"NO",2012,0.002485523
"NO",2013,0.00246163
"NO",2014,
"NO",2015,0.002383791
"NO",2016,
"NO",2017,
"PK",1981,0.2563469
"PK",1982,
"PK",1983,
"PK",1984,0.3151257
"PK",1985,
"PK",1986,
"PK",1987,0.3397651
"PK",1988,
"PK",1989,
"PK",1990,0.3087125
"PK",1991,
"PK",1992,
"PK",1993,0.1759333
"PK",1994,
"PK",1995,
"PK",1996,0.06856541
"PK",1997,
"PK",1998,
"PK",1999,0.1061972
"PK",2000,
"PK",2001,
"PK",2002,0.1746389
"PK",2003,
"PK",2004,
"PK",2005,0.145774
"PK",2006,
"PK",2007,
"PK",2008,0.1501043
"PK",2009,
"PK",2010,0.1640218
"PK",2011,0.1883239
"PK",2012,0.1864261
"PK",2013,0.2334933
"PK",2014,
"PK",2015,0.2402728
"PK",2016,
"PK",2017,
"PA",1981,0.03741062
"PA",1982,
"PA",1983,
"PA",1984,0.09851267
"PA",1985,
"PA",1986,
"PA",1987,0.1625441
"PA",1988,
"PA",1989,
"PA",1990,0.2000958
"PA",1991,
"PA",1992,
"PA",1993,0.1471901
"PA",1994,
"PA",1995,
"PA",1996,0.1400952
"PA",1997,
"PA",1998,
"PA",1999,0.1137676
"PA",2000,
"PA",2001,
"PA",2002,0.0924756
"PA",2003,
"PA",2004,
"PA",2005,0.09814629
"PA",2006,
"PA",2007,
"PA",2008,0.07632967
"PA",2009,
"PA",2010,0.05613168
"PA",2011,0.04663823
"PA",2012,0.06021915
"PA",2013,0.05368219
"PA",2014,
"PA",2015,0.04944712
"PA",2016,
"PA",2017,
"PG",1981,0.4030838
"PG",1982,
"PG",1983,
"PG",1984,0.4717524
"PG",1985,
"PG",1986,
"PG",1987,0.5002645
"PG",1988,
"PG",1989,
"PG",1990,0.5264761
"PG",1991,
"PG",1992,
"PG",1993,0.4292254
"PG",1994,
"PG",1995,
"PG",1996,0.4540434
"PG",1997,
"PG",1998,
"PG",1999,0.4742473
"PG",2000,
"PG",2001,
"PG",2002,0.4962321
"PG",2003,
"PG",2004,
"PG",2005,0.4980828
"PG",2006,
"PG",2007,
"PG",2008,0.4753155
"PG",2009,
"PG",2010,0.4261542
"PG",2011,0.4700072
"PG",2012,0.474335
"PG",2013,0.4965439
"PG",2014,
"PG",2015,0.4501242
"PG",2016,
"PG",2017,
"PY",1981,0.002748691
"PY",1982,
"PY",1983,
"PY",1984,0.00316006
"PY",1985,
"PY",1986,
"PY",1987,0.00316006
"PY",1988,
"PY",1989,
"PY",1990,0.002748691
"PY",1991,
"PY",1992,
"PY",1993,0.05378446
"PY",1994,
"PY",1995,
"PY",1996,0.09111015
"PY",1997,
"PY",1998,
"PY",1999,0.07675184
"PY",2000,
"PY",2001,
"PY",2002,0.1095157
"PY",2003,
"PY",2004,
"PY",2005,0.05938292
"PY",2006,
"PY",2007,
"PY",2008,0.04881983
"PY",2009,
"PY",2010,0.06780377
"PY",2011,0.07418545
"PY",2012,0.05575557
"PY",2013,0.04095648
"PY",2014,
"PY",2015,0.04922772
"PY",2016,
"PY",2017,
"PE",1981,0.003161849
"PE",1982,
"PE",1983,
"PE",1984,0.007216456
"PE",1985,
"PE",1986,
"PE",1987,0.009287447
"PE",1988,
"PE",1989,
"PE",1990,0.04641233
"PE",1991,
"PE",1992,
"PE",1993,0.07280134
"PE",1994,
"PE",1995,
"PE",1996,0.1374997
"PE",1997,
"PE",1998,
"PE",1999,0.1351846
"PE",2000,
"PE",2001,
"PE",2002,0.1221785
"PE",2003,
"PE",2004,
"PE",2005,0.1501647
"PE",2006,
"PE",2007,
"PE",2008,0.09823526
"PE",2009,
"PE",2010,0.06885254
"PE",2011,0.07481218
"PE",2012,0.07409215
"PE",2013,0.07563032
"PE",2014,
"PE",2015,0.07665295
"PE",2016,
"PE",2017,
"PH",1981,0.02455955
"PH",1982,
"PH",1983,
"PH",1984,0.07918821
"PH",1985,
"PH",1986,
"PH",1987,0.105099
"PH",1988,
"PH",1989,
"PH",1990,0.1033097
"PH",1991,
"PH",1992,
"PH",1993,0.1266833
"PH",1994,
"PH",1995,
"PH",1996,0.1206209
"PH",1997,
"PH",1998,
"PH",1999,0.08295338
"PH",2000,
"PH",2000,
"PH",2000,
"PH",2000,
"PH",2000,
"PH",2000,
"PH",2000,
"PH",2000,
"PH",2001,
"PH",2002,0.08674063
"PH",2003,
"PH",2003,
"PH",2003,
"PH",2003,
"PH",2003,
"PH",2003,
"PH",2003,
"PH",2003,
"PH",2004,
"PH",2005,0.1326195
"PH",2006,
"PH",2006,
"PH",2006,
"PH",2006,
"PH",2006,
"PH",2006,
"PH",2006,
"PH",2006,
"PH",2007,
"PH",2008,0.1359847
"PH",2009,
"PH",2009,
"PH",2009,
"PH",2009,
"PH",2009,
"PH",2009,
"PH",2009,
"PH",2009,
"PH",2010,0.1699088
"PH",2011,0.2063543
"PH",2012,0.2224088
"PH",2013,0.2369155
"PH",2014,
"PH",2015,0.2341454
"PH",2016,
"PH",2017,
"PL",1981,0.0008461448
"PL",1982,
"PL",1983,
"PL",1984,0.00103857
"PL",1985,
"PL",1986,
"PL",1987,0.0007804019
"PL",1988,
"PL",1989,
"PL",1990,0.002700157
"PL",1991,
"PL",1992,
"PL",1993,0.0003577721
"PL",1994,
"PL",1995,
"PL",1996,0.009403676
"PL",1997,
"PL",1998,
"PL",1999,0.000116975
"PL",2000,
"PL",2001,
"PL",2002,0.0001659803
"PL",2003,
"PL",2004,
"PL",2005,0.001380612
"PL",2006,
"PL",2007,
"PL",2008,0.0001263083
"PL",2009,
"PL",2010,0.0001203266
"PL",2011,0.0004599693
"PL",2012,0.000661501
"PL",2013,0.0002849431
"PL",2014,
"PL",2015,0.0005921515
"PL",2016,
"PL",2017,
"PT",1981,0.007210993
"PT",1982,
"PT",1983,
"PT",1984,0.00997152
"PT",1985,
"PT",1986,
"PT",1987,0.00997152
"PT",1988,
"PT",1989,
"PT",1990,0.007210993
"PT",1991,
"PT",1992,
"PT",1993,0.007210993
"PT",1994,
"PT",1995,
"PT",1996,0.007210993
"PT",1997,
"PT",1998,
"PT",1999,0.007210993
"PT",2000,
"PT",2001,
"PT",2002,0.007210993
"PT",2003,
"PT",2004,
"PT",2005,0.004848496
"PT",2006,
"PT",2007,
"PT",2008,0.002193679
"PT",2009,
"PT",2010,0.002408067
"PT",2011,0.004681402
"PT",2012,0.007371738
"PT",2013,0.0122494
"PT",2014,
"PT",2015,0.007495695
"PT",2016,
"PT",2017,
"RO",1981,0.00164257
"RO",1982,
"RO",1983,
"RO",1984,0.001898846
"RO",1985,
"RO",1986,
"RO",1987,0.002131726
"RO",1988,
"RO",1989,
"RO",1990,0.002174287
"RO",1991,
"RO",1992,
"RO",1993,0.02056087
"RO",1994,
"RO",1995,
"RO",1996,0.04825009
"RO",1997,
"RO",1998,
"RO",1999,0.02982428
"RO",2000,
"RO",2001,
"RO",2002,0.03429367
"RO",2003,
"RO",2004,
"RO",2005,0.01962518
"RO",2006,
"RO",2006,
"RO",2006,
"RO",2006,
"RO",2006,
"RO",2006,
"RO",2006,
"RO",2006,
"RO",2007,
"RO",2007,
"RO",2007,
"RO",2007,
"RO",2007,
"RO",2007,
"RO",2007,
"RO",2007,
"RO",2008,0
"RO",2009,
"RO",2009,
"RO",2009,
"RO",2009,
"RO",2009,
"RO",2009,
"RO",2009,
"RO",2009,
"RO",2010,0.009458654
"RO",2011,0.01061172
"RO",2012,0.01313452
"RO",2013,0.0199314
"RO",2014,
"RO",2015,0.1023851
"RO",2016,
"RO",2017,
"RU",1981,0
"RU",1982,
"RU",1983,
"RU",1984,0
"RU",1985,
"RU",1986,
"RU",1987,0
"RU",1988,
"RU",1989,
"RU",1990,0
"RU",1991,
"RU",1992,
"RU",1993,0
"RU",1994,
"RU",1995,
"RU",1996,0.01521768
"RU",1997,
"RU",1998,
"RU",1999,0.01867038
"RU",2000,
"RU",2001,
"RU",2002,0.003835473
"RU",2003,
"RU",2004,
"RU",2005,0.005000801
"RU",2006,
"RU",2007,
"RU",2008,0.0008157679
"RU",2009,
"RU",2010,0.0009445181
"RU",2011,0.0006642973
"RU",2012,0.0006902309
"RU",2013,0.0006045145
"RU",2014,
"RU",2015,0.001100913
"RU",2016,
"RU",2017,
"RW",1981,0.09017363
"RW",1982,
"RW",1983,
"RW",1984,0.2358963
"RW",1985,
"RW",1986,
"RW",1987,0.3631783
"RW",1988,
"RW",1989,
"RW",1990,0.4214403
"RW",1991,
"RW",1992,
"RW",1993,0.4514884
"RW",1994,
"RW",1995,
"RW",1996,0.6838686
"RW",1997,
"RW",1998,
"RW",1999,0.6835092
"RW",2000,
"RW",2001,
"RW",2002,0.6561188
"RW",2003,
"RW",2004,
"RW",2005,0.6759884
"RW",2006,
"RW",2007,
"RW",2008,0.6739181
"RW",2009,
"RW",2010,0.6920973
"RW",2011,0.7149826
"RW",2012,0.709283
"RW",2013,0.7266896
"RW",2014,
"RW",2015,0.7072632
"RW",2016,
"RW",2017,
"WS",1981,0.002428338
"WS",1982,
"WS",1983,
"WS",1984,0.01141498
"WS",1985,
"WS",1986,
"WS",1987,0.01141498
"WS",1988,
"WS",1989,
"WS",1990,0.01141498
"WS",1991,
"WS",1992,
"WS",1993,0.01456148
"WS",1994,
"WS",1995,
"WS",1996,0.0199108
"WS",1997,
"WS",1998,
"WS",1999,0.01600661
"WS",2000,
"WS",2001,
"WS",2002,0.01141498
"WS",2003,
"WS",2004,
"WS",2005,0.01141498
"WS",2006,
"WS",2007,
"WS",2008,0.01141498
"WS",2009,
"WS",2010,0.02102262
"WS",2011,0.02417909
"WS",2012,0.0295075
"WS",2013,0.04512222
"WS",2014,
"WS",2015,0.05240244
"WS",2016,
"WS",2017,
"SN",1981,0.4040213
"SN",1982,
"SN",1983,
"SN",1984,0.48319
"SN",1985,
"SN",1986,
"SN",1987,0.5099773
"SN",1988,
"SN",1989,
"SN",1990,0.5341245
"SN",1991,
"SN",1992,
"SN",1993,0.4483047
"SN",1994,
"SN",1995,
"SN",1996,0.4330411
"SN",1997,
"SN",1998,
"SN",1999,0.3829896
"SN",2000,
"SN",2001,
"SN",2002,0.4023619
"SN",2003,
"SN",2004,
"SN",2005,0.3779188
"SN",2006,
"SN",2007,
"SN",2008,0.4012544
"SN",2009,
"SN",2010,0.4400735
"SN",2011,0.483387
"SN",2012,0.5004169
"SN",2013,0.5317727
"SN",2014,
"SN",2015,0.5413809
"SN",2016,
"SN",2017,
"SC",1981,0.005762901
"SC",1982,
"SC",1983,
"SC",1984,0.0112224
"SC",1985,
"SC",1986,
"SC",1987,0.0112224
"SC",1988,
"SC",1989,
"SC",1990,0.005762901
"SC",1991,
"SC",1992,
"SC",1993,0.001213221
"SC",1994,
"SC",1995,
"SC",1996,0.005762901
"SC",1997,
"SC",1998,
"SC",1999,0.001213221
"SC",2000,
"SC",2001,
"SC",2002,0.005050624
"SC",2003,
"SC",2004,
"SC",2005,0.005007653
"SC",2006,
"SC",2007,
"SC",2008,0.00372482
"SC",2009,
"SC",2010,0.0157646
"SC",2011,0.01515107
"SC",2012,0.01432247
"SC",2013,0.01515107
"SC",2014,
"SC",2015,0.0157646
"SC",2016,
"SC",2017,
"SL",1981,0.4942933
"SL",1982,
"SL",1983,
"SL",1984,0.5273085
"SL",1985,
"SL",1986,
"SL",1987,0.5601599
"SL",1988,
"SL",1989,
"SL",1990,0.5752421
"SL",1991,
"SL",1992,
"SL",1993,0.5765361
"SL",1994,
"SL",1995,
"SL",1996,0.6051415
"SL",1997,
"SL",1998,
"SL",1999,0.6284363
"SL",2000,
"SL",2001,
"SL",2002,0.573543
"SL",2003,
"SL",2004,
"SL",2005,0.5891208
"SL",2006,
"SL",2007,
"SL",2008,0.5921606
"SL",2009,
"SL",2010,0.6171914
"SL",2011,0.6460253
"SL",2012,0.5935917
"SL",2013,0.5217634
"SL",2014,
"SL",2015,0.7009628
"SL",2016,
"SL",2017,
"SK",1981,0
"SK",1982,
"SK",1983,
"SK",1984,0
"SK",1985,
"SK",1986,
"SK",1987,0
"SK",1988,
"SK",1989,
"SK",1990,0
"SK",1991,
"SK",1992,
"SK",1993,0.001823548
"SK",1994,
"SK",1995,
"SK",1996,0.001365419
"SK",1997,
"SK",1998,
"SK",1999,0.0008222583
"SK",2000,
"SK",2001,
"SK",2002,0.0005041358
"SK",2003,
"SK",2004,
"SK",2005,0.0004554602
"SK",2006,
"SK",2007,
"SK",2008,0
"SK",2009,
"SK",2010,0.004951079
"SK",2011,0.004631929
"SK",2012,0.004369554
"SK",2013,0.004396974
"SK",2014,
"SK",2015,0.007403513
"SK",2016,
"SK",2017,
"ZA",1981,0.01763789
"ZA",1982,
"ZA",1983,
"ZA",1984,0.08333939
"ZA",1985,
"ZA",1986,
"ZA",1987,0.1340199
"ZA",1988,
"ZA",1989,
"ZA",1990,0.1327613
"ZA",1991,
"ZA",1992,
"ZA",1993,0.1773667
"ZA",1994,
"ZA",1995,
"ZA",1996,0.2564213
"ZA",1997,
"ZA",1998,
"ZA",1999,0.2643996
"ZA",2000,
"ZA",2001,
"ZA",2002,0.2608096
"ZA",2003,
"ZA",2004,
"ZA",2005,0.2406042
"ZA",2006,
"ZA",2007,
"ZA",2008,0.1882798
"ZA",2009,
"ZA",2010,0.2060297
"ZA",2011,0.2295324
"ZA",2012,0.2463353
"ZA",2013,0.2705352
"ZA",2014,
"ZA",2015,0.307035
"ZA",2016,
"ZA",2017,
"ES",1981,0.00746157
"ES",1982,
"ES",1983,
"ES",1984,0.00746157
"ES",1985,
"ES",1986,
"ES",1987,0.00746157
"ES",1988,
"ES",1989,
"ES",1990,0.00746157
"ES",1991,
"ES",1992,
"ES",1993,0.00746157
"ES",1994,
"ES",1995,
"ES",1996,0.00746157
"ES",1997,
"ES",1998,
"ES",1999,0.00746157
"ES",2000,
"ES",2001,
"ES",2002,0.00746157
"ES",2003,
"ES",2004,
"ES",2005,0.007436488
"ES",2006,
"ES",2007,
"ES",2008,0.004938765
"ES",2009,
"ES",2010,0.007495138
"ES",2011,0.01245779
"ES",2012,0.009980399
"ES",2013,0.01490414
"ES",2014,
"ES",2015,0.01232607
"ES",2016,
"ES",2017,
"LK",1981,0.01970359
"LK",1982,
"LK",1983,
"LK",1984,0.02220273
"LK",1985,
"LK",1986,
"LK",1987,0.02420675
"LK",1988,
"LK",1989,
"LK",1990,0.01947691
"LK",1991,
"LK",1992,
"LK",1993,0.01959798
"LK",1994,
"LK",1995,
"LK",1996,0.041007
"LK",1997,
"LK",1998,
"LK",1999,0.03366018
"LK",2000,
"LK",2001,
"LK",2002,0.04320803
"LK",2003,
"LK",2004,
"LK",2005,0.04648198
"LK",2006,
"LK",2007,
"LK",2008,0.03363729
"LK",2009,
"LK",2010,0.03839434
"LK",2011,0.04659129
"LK",2012,0.05840119
"LK",2013,0.06025569
"LK",2014,
"LK",2015,0.04860611
"LK",2016,
"LK",2017,
"LC",1981,0.3569426
"LC",1982,
"LC",1983,
"LC",1984,0.3871478
"LC",1985,
"LC",1986,
"LC",1987,0.3305955
"LC",1988,
"LC",1989,
"LC",1990,0.2316714
"LC",1991,
"LC",1992,
"LC",1993,0.2285653
"LC",1994,
"LC",1995,
"LC",1996,0.2570386
"LC",1997,
"LC",1998,
"LC",1999,0.2468762
"LC",2000,
"LC",2001,
"LC",2002,0.2994811
"LC",2003,
"LC",2004,
"LC",2005,0.3123757
"LC",2006,
"LC",2007,
"LC",2008,0.2989498
"LC",2009,
"LC",2010,0.3411818
"LC",2011,0.3608342
"LC",2012,0.3836659
"LC",2013,0.4162512
"LC",2014,
"LC",2015,0.4472379
"LC",2016,
"LC",2017,
"SD",1981,0.1274265
"SD",1982,
"SD",1983,
"SD",1984,0.224372
"SD",1985,
"SD",1986,
"SD",1987,0.2510905
"SD",1988,
"SD",1989,
"SD",1990,0.272868
"SD",1991,
"SD",1992,
"SD",1993,0.244066
"SD",1994,
"SD",1995,
"SD",1996,0.2725889
"SD",1997,
"SD",1998,
"SD",1999,0.2387441
"SD",2000,
"SD",2001,
"SD",2002,0.2193867
"SD",2003,
"SD",2004,
"SD",2005,0.2278493
"SD",2006,
"SD",2007,
"SD",2008,0.168661
"SD",2009,
"SD",2010,0.1903607
"SD",2011,0.1863975
"SD",2012,0.1554639
"SD",2013,0.1690875
"SD",2014,
"SD",2015,0.1818678
"SD",2016,
"SD",2017,
"SR",1981,0.1511527
"SR",1982,
"SR",1983,
"SR",1984,0.1685515
"SR",1985,
"SR",1986,
"SR",1987,0.1936712
"SR",1988,
"SR",1989,
"SR",1990,0.1782297
"SR",1991,
"SR",1992,
"SR",1993,0.1963897
"SR",1994,
"SR",1995,
"SR",1996,0.2112875
"SR",1997,
"SR",1998,
"SR",1999,0.2086777
"SR",2000,
"SR",2001,
"SR",2002,0.2112875
"SR",2003,
"SR",2004,
"SR",2005,0.2033493
"SR",2006,
"SR",2007,
"SR",2008,0.1963897
"SR",2009,
"SR",2010,0.2033493
"SR",2011,0.2086777
"SR",2012,0.2086777
"SR",2013,0.2112875
"SR",2014,
"SR",2015,0.2141148
"SR",2016,
"SR",2017,
"SE",1981,0.002379343
"SE",1982,
"SE",1983,
"SE",1984,0.002379343
"SE",1985,
"SE",1986,
"SE",1987,0.002379343
"SE",1988,
"SE",1989,
"SE",1990,0.002379343
"SE",1991,
"SE",1992,
"SE",1993,0.002379343
"SE",1994,
"SE",1995,
"SE",1996,0.002379343
"SE",1997,
"SE",1998,
"SE",1999,0.002379343
"SE",2000,
"SE",2001,
"SE",2002,0.002379343
"SE",2003,
"SE",2004,
"SE",2005,0.008677864
"SE",2006,
"SE",2007,
"SE",2008,0.004885311
"SE",2009,
"SE",2010,0.004908429
"SE",2011,0.007439115
"SE",2012,0.004747488
"SE",2013,0.007342411
"SE",2014,
"SE",2015,0.007019758
"SE",2016,
"SE",2017,
"CH",1981,0
"CH",1982,
"CH",1983,
"CH",1984,0
"CH",1985,
"CH",1986,
"CH",1987,0
"CH",1988,
"CH",1989,
"CH",1990,0
"CH",1991,
"CH",1992,
"CH",1993,0
"CH",1994,
"CH",1995,
"CH",1996,0
"CH",1997,
"CH",1998,
"CH",1999,0
"CH",2000,
"CH",2001,
"CH",2002,0
"CH",2003,
"CH",2004,
"CH",2005,0
"CH",2006,
"CH",2007,
"CH",2008,0
"CH",2009,
"CH",2010,0
"CH",2011,0
"CH",2012,0
"CH",2013,0
"CH",2014,
"CH",2015,0
"CH",2016,
"CH",2017,
"SY",1981,0.0005266565
"SY",1982,
"SY",1983,
"SY",1984,0.005946043
"SY",1985,
"SY",1986,
"SY",1987,0.01488852
"SY",1988,
"SY",1989,
"SY",1990,0.01315655
"SY",1991,
"SY",1992,
"SY",1993,0.006671531
"SY",1994,
"SY",1995,
"SY",1996,0.006976351
"SY",1997,
"SY",1998,
"SY",1999,0.009847081
"SY",2000,
"SY",2001,
"SY",2002,0.009193895
"SY",2003,
"SY",2004,
"SY",2005,0.01241874
"SY",2006,
"SY",2007,
"SY",2008,0.01198
"SY",2009,
"SY",2010,0.01023653
"SY",2011,0.02125441
"SY",2012,0.07588044
"SY",2013,0.1763634
"SY",2014,
"SY",2015,0.4410712
"SY",2016,
"SY",2017,
"TZ",1981,0.269722
"TZ",1982,
"TZ",1983,
"TZ",1984,0.3575762
"TZ",1985,
"TZ",1986,
"TZ",1987,0.3941852
"TZ",1988,
"TZ",1989,
"TZ",1990,0.4684147
"TZ",1991,
"TZ",1992,
"TZ",1993,0.5640153
"TZ",1994,
"TZ",1995,
"TZ",1996,0.7088246
"TZ",1997,
"TZ",1998,
"TZ",1999,0.7677288
"TZ",2000,
"TZ",2001,
"TZ",2002,0.7439695
"TZ",2003,
"TZ",2004,
"TZ",2005,0.6566477
"TZ",2006,
"TZ",2007,
"TZ",2008,0.6142028
"TZ",2009,
"TZ",2010,0.6185301
"TZ",2011,0.6274826
"TZ",2012,0.6362406
"TZ",2013,0.6487367
"TZ",2014,
"TZ",2015,0.6423305
"TZ",2016,
"TZ",2017,
"TH",1981,0.02117714
"TH",1982,
"TH",1983,
"TH",1984,0.03354465
"TH",1985,
"TH",1986,
"TH",1987,0.03258659
"TH",1988,
"TH",1989,
"TH",1990,0.01775579
"TH",1991,
"TH",1992,
"TH",1993,0.00948026
"TH",1994,
"TH",1995,
"TH",1996,0.006883995
"TH",1997,
"TH",1998,
"TH",1999,0.008192229
"TH",2000,
"TH",2001,
"TH",2002,0.005793521
"TH",2003,
"TH",2004,
"TH",2005,0.005889675
"TH",2006,
"TH",2007,
"TH",2008,0.002385333
"TH",2009,
"TH",2010,0.00310871
"TH",2011,0.001544643
"TH",2012,0.002992561
"TH",2013,0.002207091
"TH",2014,
"TH",2015,0.002285246
"TH",2016,
"TH",2017,
"TL",1981,0.5147301
"TL",1982,
"TL",1983,
"TL",1984,0.5434786
"TL",1985,
"TL",1986,
"TL",1987,0.708133
"TL",1988,
"TL",1989,
"TL",1990,0.6886175
"TL",1991,
"TL",1992,
"TL",1993,0.6606942
"TL",1994,
"TL",1995,
"TL",1996,0.7040769
"TL",1997,
"TL",1998,
"TL",1999,0.6800105
"TL",2000,
"TL",2001,
"TL",2002,0.3592131
"TL",2003,
"TL",2004,
"TL",2005,0.4594791
"TL",2006,
"TL",2007,
"TL",2008,0.520768
"TL",2009,
"TL",2010,0.4495535
"TL",2011,0.5199512
"TL",2012,0.544442
"TL",2013,0.5794831
"TL",2014,
"TL",2015,0.6141289
"TL",2016,
"TL",2017,
"TG",1981,0.09691921
"TG",1982,
"TG",1983,
"TG",1984,0.2259546
"TG",1985,
"TG",1986,
"TG",1987,0.2939153
"TG",1988,
"TG",1989,
"TG",1990,0.2811514
"TG",1991,
"TG",1992,
"TG",1993,0.4574656
"TG",1994,
"TG",1995,
"TG",1996,0.3929625
"TG",1997,
"TG",1998,
"TG",1999,0.3761459
"TG",2000,
"TG",2001,
"TG",2002,0.479084
"TG",2003,
"TG",2004,
"TG",2005,0.5496151
"TG",2006,
"TG",2007,
"TG",2008,0.5837516
"TG",2009,
"TG",2010,0.6061953
"TG",2011,0.6210379
"TG",2012,0.6266864
"TG",2013,0.6450508
"TG",2014,
"TG",2015,0.6500665
"TG",2016,
"TG",2017,
"TO",1981,0.01605963
"TO",1982,
"TO",1983,
"TO",1984,0.02019161
"TO",1985,
"TO",1986,
"TO",1987,0.02019161
"TO",1988,
"TO",1989,
"TO",1990,0.02019161
"TO",1991,
"TO",1992,
"TO",1993,0.02019161
"TO",1994,
"TO",1995,
"TO",1996,0.02019161
"TO",1997,
"TO",1998,
"TO",1999,0.01950875
"TO",2000,
"TO",2001,
"TO",2002,0.01700697
"TO",2003,
"TO",2004,
"TO",2005,0.01641511
"TO",2006,
"TO",2007,
"TO",2008,0.01596641
"TO",2009,
"TO",2010,0.01374487
"TO",2011,0.02114499
"TO",2012,0.02277369
"TO",2013,0.03640087
"TO",2014,
"TO",2015,0.03640087
"TO",2016,
"TO",2017,
"TT",1981,0
"TT",1982,
"TT",1983,
"TT",1984,0
"TT",1985,
"TT",1986,
"TT",1987,0
"TT",1988,
"TT",1989,
"TT",1990,0.00774518
"TT",1991,
"TT",1992,
"TT",1993,0.009954245
"TT",1994,
"TT",1995,
"TT",1996,0.01493175
"TT",1997,
"TT",1998,
"TT",1999,0.004166759
"TT",2000,
"TT",2001,
"TT",2002,0.002900307
"TT",2003,
"TT",2004,
"TT",2005,0.01110661
"TT",2006,
"TT",2007,
"TT",2008,0.006331236
"TT",2009,
"TT",2010,0.008123896
"TT",2011,0.008459851
"TT",2012,0.008380869
"TT",2013,0.01627763
"TT",2014,
"TT",2015,0.01597826
"TT",2016,
"TT",2017,
"TN",1981,0.02040851
"TN",1982,
"TN",1983,
"TN",1984,0.03378765
"TN",1985,
"TN",1986,
"TN",1987,0.04540794
"TN",1988,
"TN",1989,
"TN",1990,0.03219928
"TN",1991,
"TN",1992,
"TN",1993,0.0379196
"TN",1994,
"TN",1995,
"TN",1996,0.05019789
"TN",1997,
"TN",1998,
"TN",1999,0.02863569
"TN",2000,
"TN",2001,
"TN",2002,0.02531016
"TN",2003,
"TN",2004,
"TN",2005,0.03023781
"TN",2006,
"TN",2007,
"TN",2008,0.02928086
"TN",2009,
"TN",2010,0.03031372
"TN",2011,0.03112883
"TN",2012,0.02842075
"TN",2013,0.02796482
"TN",2014,
"TN",2015,0.03203259
"TN",2016,
"TN",2017,
"TR",1981,0.005772693
"TR",1982,
"TR",1983,
"TR",1984,0.006347295
"TR",1985,
"TR",1986,
"TR",1987,0.004570953
"TR",1988,
"TR",1989,
"TR",1990,0.004990404
"TR",1991,
"TR",1992,
"TR",1993,0.005447241
"TR",1994,
"TR",1995,
"TR",1996,0.007662658
"TR",1997,
"TR",1998,
"TR",1999,0.004614231
"TR",2000,
"TR",2001,
"TR",2002,0.007456835
"TR",2003,
"TR",2004,
"TR",2005,0.02371037
"TR",2006,
"TR",2007,
"TR",2008,0.009176829
"TR",2009,
"TR",2010,0.01431182
"TR",2011,0.01169508
"TR",2012,0.01108719
"TR",2013,0.01243744
"TR",2014,
"TR",2015,0.01452686
"TR",2016,
"TR",2017,
"UA",1981,0.001526945
"UA",1982,
"UA",1983,
"UA",1984,0.002718707
"UA",1985,
"UA",1986,
"UA",1987,0.003910469
"UA",1988,
"UA",1989,
"UA",1990,0.004580835
"UA",1991,
"UA",1992,
"UA",1993,0.00374675
"UA",1994,
"UA",1995,
"UA",1996,0.03398319
"UA",1997,
"UA",1998,
"UA",1999,0.03564795
"UA",2000,
"UA",2001,
"UA",2002,0.008762928
"UA",2003,
"UA",2004,
"UA",2005,0.00255667
"UA",2006,
"UA",2007,
"UA",2008,0.0002682109
"UA",2009,
"UA",2010,0.0002555534
"UA",2011,0.0001623692
"UA",2012,0.00127427
"UA",2013,0.0004419442
"UA",2014,
"UA",2015,0.002730814
"UA",2016,
"UA",2017,
"GB",1981,0.004933189
"GB",1982,
"GB",1983,
"GB",1984,0.004933189
"GB",1985,
"GB",1986,
"GB",1987,0.004933189
"GB",1988,
"GB",1989,
"GB",1990,0.004933189
"GB",1991,
"GB",1992,
"GB",1993,0.004933189
"GB",1994,
"GB",1995,
"GB",1996,0.004933189
"GB",1997,
"GB",1998,
"GB",1999,0.002405697
"GB",2000,
"GB",2001,
"GB",2002,0.002405697
"GB",2003,
"GB",2004,
"GB",2005,0.0049876
"GB",2006,
"GB",2007,
"GB",2008,0.002331309
"GB",2009,
"GB",2010,0.002407848
"GB",2011,0.004960549
"GB",2012,0.002477915
"GB",2013,0.002400606
"GB",2014,
"GB",2015,0.002292044
"GB",2016,
"GB",2017,
"US",1981,0.004992982
"US",1982,
"US",1983,
"US",1984,0.00499239
"US",1985,
"US",1986,
"US",1987,0.004991674
"US",1988,
"US",1989,
"US",1990,0.004990712
"US",1991,
"US",1992,
"US",1993,0.004993312
"US",1994,
"US",1995,
"US",1996,0.006642674
"US",1997,
"US",1998,
"US",1999,0.007481334
"US",2000,
"US",2001,
"US",2002,0.008730015
"US",2003,
"US",2004,
"US",2005,0.009980321
"US",2006,
"US",2007,
"US",2008,0.009989348
"US",2009,
"US",2010,0.01248703
"US",2011,0.01248367
"US",2012,0.01248032
"US",2013,0.01247697
"US",2014,
"US",2015,0.01248017
"US",2016,
"US",2017,
"UY",1981,0
"UY",1982,
"UY",1983,
"UY",1984,0.001302412
"UY",1985,
"UY",1986,
"UY",1987,0.001451967
"UY",1988,
"UY",1989,
"UY",1990,0.002604381
"UY",1991,
"UY",1992,
"UY",1993,0.001784038
"UY",1994,
"UY",1995,
"UY",1996,0.002105698
"UY",1997,
"UY",1998,
"UY",1999,0.001682245
"UY",2000,
"UY",2001,
"UY",2002,0.005409824
"UY",2003,
"UY",2004,
"UY",2005,0.005331288
"UY",2006,
"UY",2007,
"UY",2008,0.002176624
"UY",2009,
"UY",2010,0.0019094
"UY",2011,0.002454092
"UY",2012,0.002988711
"UY",2013,0.004029875
"UY",2014,
"UY",2015,0.003534377
"UY",2016,
"UY",2017,
"UZ",1981,0.1362538
"UZ",1982,
"UZ",1983,
"UZ",1984,0.1847011
"UZ",1985,
"UZ",1986,
"UZ",1987,0.1953344
"UZ",1988,
"UZ",1989,
"UZ",1990,0.1761244
"UZ",1991,
"UZ",1992,
"UZ",1993,0.2514122
"UZ",1994,
"UZ",1995,
"UZ",1996,0.3289758
"UZ",1997,
"UZ",1998,
"UZ",1999,0.3967578
"UZ",2000,
"UZ",2001,
"UZ",2002,0.4629854
"UZ",2003,
"UZ",2004,
"UZ",2005,0.5205025
"UZ",2006,
"UZ",2007,
"UZ",2008,0.4182788
"UZ",2009,
"UZ",2010,0.3834361
"UZ",2011,0.3951441
"UZ",2012,0.3715039
"UZ",2013,0.3715772
"UZ",2014,
"UZ",2015,0.3305147
"UZ",2016,
"UZ",2017,
"VU",1981,0.03572428
"VU",1982,
"VU",1983,
"VU",1984,0.0221649
"VU",1985,
"VU",1986,
"VU",1987,0.05075251
"VU",1988,
"VU",1989,
"VU",1990,0.04524044
"VU",1991,
"VU",1992,
"VU",1993,0.05337522
"VU",1994,
"VU",1995,
"VU",1996,0.06521238
"VU",1997,
"VU",1998,
"VU",1999,0.06183463
"VU",2000,
"VU",2001,
"VU",2002,0.09399113
"VU",2003,
"VU",2004,
"VU",2005,0.1201961
"VU",2006,
"VU",2007,
"VU",2008,0.1554893
"VU",2009,
"VU",2010,0.179771
"VU",2011,0.2115025
"VU",2012,0.2266065
"VU",2013,0.2527616
"VU",2014,
"VU",2015,0.2873019
"VU",2016,
"VU",2017,
"VE",1981,0
"VE",1982,
"VE",1983,
"VE",1984,0.003271603
"VE",1985,
"VE",1986,
"VE",1987,0
"VE",1988,
"VE",1989,
"VE",1990,0.05150514
"VE",1991,
"VE",1992,
"VE",1993,0.04193648
"VE",1994,
"VE",1995,
"VE",1996,0.08941186
"VE",1997,
"VE",1998,
"VE",1999,0.09009395
"VE",2000,
"VE",2001,
"VE",2002,0.1551337
"VE",2003,
"VE",2004,
"VE",2005,0.1862954
"VE",2006,
"VE",2007,
"VE",2008,0.0911419
"VE",2009,
"VE",2010,0.1040117
"VE",2011,0.1077863
"VE",2012,0.1066299
"VE",2013,0.1087013
"VE",2014,
"VE",2015,0.1181292
"VE",2016,
"VE",2017,
"VN",1981,0.4287963
"VN",1982,
"VN",1983,
"VN",1984,0.4058087
"VN",1985,
"VN",1986,
"VN",1987,0.4514901
"VN",1988,
"VN",1989,
"VN",1990,0.368223
"VN",1991,
"VN",1992,
"VN",1993,0.282883
"VN",1994,
"VN",1995,
"VN",1996,0.2482292
"VN",1997,
"VN",1998,
"VN",1999,0.2116794
"VN",2000,
"VN",2001,
"VN",2002,0.2794495
"VN",2003,
"VN",2004,
"VN",2005,0.2198059
"VN",2006,
"VN",2007,
"VN",2008,0.1687946
"VN",2009,
"VN",2010,0.06204257
"VN",2011,0.06419453
"VN",2012,0.05711004
"VN",2013,0.06501738
"VN",2014,
"VN",2015,0.06059354
"VN",2016,
"VN",2017,
"YE",1981,0.03875545
"YE",1982,
"YE",1983,
"YE",1984,0.06818502
"YE",1985,
"YE",1986,
"YE",1987,0.03150995
"YE",1988,
"YE",1989,
"YE",1990,0.03094962
"YE",1991,
"YE",1992,
"YE",1993,0.03171367
"YE",1994,
"YE",1995,
"YE",1996,0.04252668
"YE",1997,
"YE",1998,
"YE",1999,0.03866278
"YE",2000,
"YE",2001,
"YE",2002,0.05358778
"YE",2003,
"YE",2004,
"YE",2005,0.09114221
"YE",2006,
"YE",2007,
"YE",2008,0.1255823
"YE",2009,
"YE",2010,0.1412219
"YE",2011,0.2719205
"YE",2012,0.2987087
"YE",2013,0.3191646
"YE",2014,
"YE",2015,0.6388792
"YE",2016,
"YE",2017,
"ZM",1981,0.3402337
"ZM",1982,
"ZM",1983,
"ZM",1984,0.4040229
"ZM",1985,
"ZM",1986,
"ZM",1987,0.4368563
"ZM",1988,
"ZM",1989,
"ZM",1990,0.4448697
"ZM",1991,
"ZM",1992,
"ZM",1993,0.4193715
"ZM",1994,
"ZM",1995,
"ZM",1996,0.3100095
"ZM",1997,
"ZM",1998,
"ZM",1999,0.3447867
"ZM",2000,
"ZM",2001,
"ZM",2002,0.4122573
"ZM",2003,
"ZM",2004,
"ZM",2005,0.5669292
"ZM",2006,
"ZM",2007,
"ZM",2008,0.6436589
"ZM",2009,
"ZM",2010,0.6859325
"ZM",2011,0.6894053
"ZM",2012,0.6757093
"ZM",2013,0.6799736
"ZM",2014,
"ZM",2015,0.6818009
"ZM",2016,
"ZM",2017,
"ZW",1981,0
"ZW",1982,
"ZW",1983,
"ZW",1984,0.001683568
"ZW",1985,
"ZW",1986,
"ZW",1987,0.007905969
"ZW",1988,
"ZW",1989,
"ZW",1990,0.001578216
"ZW",1991,
"ZW",1992,
"ZW",1993,0.01118668
"ZW",1994,
"ZW",1995,
"ZW",1996,0.008461498
"ZW",1997,
"ZW",1998,
"ZW",1999,0.00987275
"ZW",2000,
"ZW",2001,
"ZW",2002,0.05041085
"ZW",2003,
"ZW",2004,
"ZW",2005,0.2061299
"ZW",2006,
"ZW",2007,
"ZW",2008,0.3905367
"ZW",2009,
"ZW",2010,0.3261656
"ZW",2011,0.2993055
"ZW",2012,0.2609464
"ZW",2013,0.275201
"ZW",2014,
"ZW",2015,0.3090613
"ZW",2016,
"ZW",2017,
"BA",1981,
"BA",1982,
"BA",1983,
"BA",1984,0.006440634
"BA",1985,
"BA",1986,
"BA",1987,0.006583967
"BA",1988,
"BA",1989,
"BA",1990,0.01453842
"BA",1991,
"BA",1992,
"BA",1993,0.0835576
"BA",1994,
"BA",1995,
"BA",1996,0.007216456
"BA",1997,
"BA",1998,
"BA",1999,0.002979579
"BA",2000,
"BA",2001,
"BA",2002,0.00252983
"BA",2003,
"BA",2004,
"BA",2005,0.00129125
"BA",2006,
"BA",2007,
"BA",2008,0.0006244287
"BA",2009,
"BA",2010,0.001062579
"BA",2011,0.001374265
"BA",2012,0.002297543
"BA",2013,0.003097156
"BA",2014,
"BA",2015,0.004094877
"BA",2016,
"BA",2017,
"LA",1981,
"LA",1982,
"LA",1983,
"LA",1984,0.1150773
"LA",1985,
"LA",1986,
"LA",1987,0.1645223
"LA",1988,
"LA",1989,
"LA",1990,0.1145978
"LA",1991,
"LA",1992,
"LA",1993,0.1488144
"LA",1994,
"LA",1995,
"LA",1996,0.3168265
"LA",1997,
"LA",1998,
"LA",1999,0.3007251
"LA",2000,
"LA",2001,
"LA",2002,0.2434732
"LA",2003,
"LA",2004,
"LA",2005,0.2891714
"LA",2006,
"LA",2007,
"LA",2008,0.3002859
"LA",2009,
"LA",2010,0.3248892
"LA",2011,0.3589836
"LA",2012,0.3684746
"LA",2013,0.3745131
"LA",2014,
"LA",2015,0.3357882
"LA",2016,
"LA",2017,
"MK",1981,
"MK",1982,
"MK",1983,
"MK",1984,0
"MK",1985,
"MK",1986,
"MK",1987,0
"MK",1988,
"MK",1989,
"MK",1990,0
"MK",1991,
"MK",1992,
"MK",1993,0
"MK",1994,
"MK",1995,
"MK",1996,0
"MK",1997,
"MK",1998,
"MK",1999,0.01630514
"MK",2000,
"MK",2001,
"MK",2002,0.007922423
"MK",2003,
"MK",2004,
"MK",2005,0.01274004
"MK",2006,
"MK",2007,
"MK",2008,0.006462054
"MK",2009,
"MK",2010,0.1102312
"MK",2011,0.1202074
"MK",2012,0.100368
"MK",2013,0.09062318
"MK",2014,
"MK",2015,0.07048925
"MK",2016,
"MK",2017,
"MD",1981,
"MD",1982,
"MD",1983,
"MD",1984,0.021056
"MD",1985,
"MD",1986,
"MD",1987,0.02482787
"MD",1988,
"MD",1989,
"MD",1990,0.01414899
"MD",1991,
"MD",1992,
"MD",1993,0.05063783
"MD",1994,
"MD",1995,
"MD",1996,0.1171705
"MD",1997,
"MD",1998,
"MD",1999,0.2734628
"MD",2000,
"MD",2001,
"MD",2002,0.1124994
"MD",2003,
"MD",2004,
"MD",2005,0.1316644
"MD",2006,
"MD",2007,
"MD",2008,0.01480559
"MD",2009,
"MD",2010,0.00923652
"MD",2011,0.009157955
"MD",2012,0.008306027
"MD",2013,0.003928515
"MD",2014,
"MD",2015,0.004520642
"MD",2016,
"MD",2017,
"ME",1981,
"ME",1982,
"ME",1983,
"ME",1984,0
"ME",1985,
"ME",1986,
"ME",1987,0
"ME",1988,
"ME",1989,
"ME",1990,0
"ME",1991,
"ME",1992,
"ME",1993,0.002284184
"ME",1994,
"ME",1995,
"ME",1996,0.002284184
"ME",1997,
"ME",1998,
"ME",1999,0.002284184
"ME",2000,
"ME",2001,
"ME",2002,0.002284184
"ME",2003,
"ME",2004,
"ME",2005,0.002284184
"ME",2006,
"ME",2007,
"ME",2008,0.00187792
"ME",2009,
"ME",2010,0
"ME",2011,0.003603862
"ME",2012,0.01501868
"ME",2013,0.01934575
"ME",2014,
"ME",2015,0.0007434621
"ME",2016,
"ME",2017,
"RS",1981,
"RS",1982,
"RS",1983,
"RS",1984,3.62489e-05
"RS",1985,
"RS",1986,
"RS",1987,3.62489e-05
"RS",1988,
"RS",1989,
"RS",1990,3.62489e-05
"RS",1991,
"RS",1992,
"RS",1993,0.001826654
"RS",1994,
"RS",1995,
"RS",1996,0.00177788
"RS",1997,
"RS",1998,
"RS",1999,0.00177788
"RS",2000,
"RS",2001,
"RS",2002,0.000849765
"RS",2003,
"RS",2004,
"RS",2005,0.008447642
"RS",2006,
"RS",2007,
"RS",2008,0.001257469
"RS",2009,
"RS",2010,0.003044835
"RS",2011,0.003832105
"RS",2012,0.07233764
"RS",2013,0.008119413
"RS",2014,
"RS",2015,0.005047366
"RS",2016,
"RS",2017,
"SI",1981,
"SI",1982,
"SI",1983,
"SI",1984,0.000237328
"SI",1985,
"SI",1986,
"SI",1987,0.0002623657
"SI",1988,
"SI",1989,
"SI",1990,0.0002910062
"SI",1991,
"SI",1992,
"SI",1993,0.0003126027
"SI",1994,
"SI",1995,
"SI",1996,0.000218867
"SI",1997,
"SI",1998,
"SI",1999,0.000156902
"SI",2000,
"SI",2001,
"SI",2002,0
"SI",2003,
"SI",2004,
"SI",2005,0
"SI",2006,
"SI",2007,
"SI",2008,0
"SI",2009,
"SI",2010,0
"SI",2011,0
"SI",2012,0
"SI",2013,0
"SI",2014,
"SI",2015,0
"SI",2016,
"SI",2017,
"TJ",1981,
"TJ",1982,
"TJ",1983,
"TJ",1984,0.00327542
"TJ",1985,
"TJ",1986,
"TJ",1987,0.003702649
"TJ",1988,
"TJ",1989,
"TJ",1990,0.004485901
"TJ",1991,
"TJ",1992,
"TJ",1993,0.1080889
"TJ",1994,
"TJ",1995,
"TJ",1996,0.5952008
"TJ",1997,
"TJ",1998,
"TJ",1999,0.3716178
"TJ",2000,
"TJ",2001,
"TJ",2002,0.2413795
"TJ",2003,
"TJ",2004,
"TJ",2005,0.1233898
"TJ",2006,
"TJ",2007,
"TJ",2008,0.08407823
"TJ",2009,
"TJ",2010,0.07231172
"TJ",2011,0.09021906
"TJ",2012,0.1025748
"TJ",2013,0.1194709
"TJ",2014,
"TJ",2015,0.1269412
"TJ",2016,
"TJ",2017,
"TM",1981,
"TM",1982,
"TM",1983,
"TM",1984,0.1659063
"TM",1985,
"TM",1986,
"TM",1987,0.1658193
"TM",1988,
"TM",1989,
"TM",1990,0.0719759
"TM",1991,
"TM",1992,
"TM",1993,0.1747333
"TM",1994,
"TM",1995,
"TM",1996,0.3492194
"TM",1997,
"TM",1998,
"TM",1999,0.3252323
"TM",2000,
"TM",2001,
"TM",2002,0.3231405
"TM",2003,
"TM",2004,
"TM",2005,0.2955188
"TM",2006,
"TM",2007,
"TM",2008,0.1896588
"TM",2009,
"TM",2010,0.1700946
"TM",2011,0.1503482
"TM",2012,0.1315679
"TM",2013,0.1257088
"TM",2014,
"TM",2015,0.1053907
"TM",2016,
"TM",2017,
"UG",1981,
"UG",1982,
"UG",1983,
"UG",1984,0.3366373
"UG",1985,
"UG",1986,
"UG",1987,0.4238507
"UG",1988,
"UG",1989,
"UG",1990,0.3876469
"UG",1991,
"UG",1992,
"UG",1993,0.4264529
"UG",1994,
"UG",1995,
"UG",1996,0.4826074
"UG",1997,
"UG",1998,
"UG",1999,0.5239634
"UG",2000,
"UG",2001,
"UG",2002,0.5627426
"UG",2003,
"UG",2004,
"UG",2005,0.5597146
"UG",2006,
"UG",2007,
"UG",2008,0.4899235
"UG",2009,
"UG",2010,0.4943423
"UG",2011,0.4968604
"UG",2012,0.5042958
"UG",2013,0.5462933
"UG",2014,
"UG",2015,0.5958656
"UG",2016,
"UG",2017,
"FM",1981,
"FM",1982,
"FM",1983,
"FM",1984,
"FM",1985,
"FM",1986,
"FM",1987,0.04891041
"FM",1988,
"FM",1989,
"FM",1990,0.04202862
"FM",1991,
"FM",1992,
"FM",1993,0.02724477
"FM",1994,
"FM",1995,
"FM",1996,0.04891041
"FM",1997,
"FM",1998,
"FM",1999,0.05444338
"FM",2000,
"FM",2001,
"FM",2002,0.0503062
"FM",2003,
"FM",2004,
"FM",2005,0.079597
"FM",2006,
"FM",2007,
"FM",2008,0.1261665
"FM",2009,
"FM",2010,0.1567244
"FM",2011,0.1791433
"FM",2012,0.2114947
"FM",2013,0.2779301
"FM",2014,
"FM",2015,0.2923276
"FM",2016,
"FM",2017,
"DJ",1981,
"DJ",1982,
"DJ",1983,
"DJ",1984,
"DJ",1985,
"DJ",1986,
"DJ",1987,
"DJ",1988,
"DJ",1989,
"DJ",1990,0.02978583
"DJ",1991,
"DJ",1992,
"DJ",1993,0.05552191
"DJ",1994,
"DJ",1995,
"DJ",1996,0.1021526
"DJ",1997,
"DJ",1998,
"DJ",1999,0.1291566
"DJ",2000,
"DJ",2001,
"DJ",2002,0.1527263
"DJ",2003,
"DJ",2004,
"DJ",2005,0.194805
"DJ",2006,
"DJ",2007,
"DJ",2008,0.2051032
"DJ",2009,
"DJ",2010,0.223248
"DJ",2011,0.2470579
"DJ",2012,0.2548001
"DJ",2013,0.3250956
"DJ",2014,
"DJ",2015,0.3140629
"DJ",2016,
"DJ",2017,
"LB",1981,
"LB",1982,
"LB",1983,
"LB",1984,
"LB",1985,
"LB",1986,
"LB",1987,
"LB",1988,
"LB",1989,
"LB",1990,0
"LB",1991,
"LB",1992,
"LB",1993,0
"LB",1994,
"LB",1995,
"LB",1996,0
"LB",1997,
"LB",1998,
"LB",1999,0
"LB",2000,
"LB",2001,
"LB",2002,0
"LB",2003,
"LB",2004,
"LB",2005,0
"LB",2006,
"LB",2007,
"LB",2008,0
"LB",2009,
"LB",2010,0
"LB",2011,0
"LB",2012,0
"LB",2013,0.0006112976
"LB",2014,
"LB",2015,0.0006112976
"LB",2016,
"LB",2017,
"SB",1981,
"SB",1982,
"SB",1983,
"SB",1984,
"SB",1985,
"SB",1986,
"SB",1987,
"SB",1988,
"SB",1989,
"SB",1990,0.2207536
"SB",1991,
"SB",1992,
"SB",1993,0.1854312
"SB",1994,
"SB",1995,
"SB",1996,0.1881687
"SB",1997,
"SB",1998,
"SB",1999,0.2291879
"SB",2000,
"SB",2001,
"SB",2002,0.4262284
"SB",2003,
"SB",2004,
"SB",2005,0.4456254
"SB",2006,
"SB",2007,
"SB",2008,0.3912807
"SB",2009,
"SB",2010,0.4138369
"SB",2011,0.400011
"SB",2012,0.3979703
"SB",2013,0.4174909
"SB",2014,
"SB",2015,0.4555169
"SB",2016,
"SB",2017,
"TV",1981,
"TV",1982,
"TV",1983,
"TV",1984,
"TV",1985,
"TV",1986,
"TV",1987,
"TV",1988,
"TV",1989,
"TV",1990,0.01618211
"TV",1991,
"TV",1992,
"TV",1993,0.005815788
"TV",1994,
"TV",1995,
"TV",1996,0.02713015
"TV",1997,
"TV",1998,
"TV",1999,0.002823208
"TV",2000,
"TV",2001,
"TV",2002,0.002823208
"TV",2003,
"TV",2004,
"TV",2005,0.03260417
"TV",2006,
"TV",2007,
"TV",2008,0.02713015
"TV",2009,
"TV",2010,0.05708742
"TV",2011,0.05708742
"TV",2012,0.0639807
"TV",2013,0.07602517
"TV",2014,
"TV",2015,0.08449403
"TV",2016,
"TV",2017,
"HT",1981,
"HT",1982,
"HT",1983,
"HT",1984,
"HT",1985,
"HT",1986,
"HT",1987,
"HT",1988,
"HT",1989,
"HT",1990,
"HT",1991,
"HT",1992,
"HT",1993,
"HT",1994,
"HT",1995,
"HT",1996,0.5454523
"HT",1997,
"HT",1998,
"HT",1999,0.5122177
"HT",2000,
"HT",2001,
"HT",2002,0.5135947
"HT",2003,
"HT",2004,
"HT",2005,0.5455479
"HT",2006,
"HT",2007,
"HT",2008,0.5648384
"HT",2009,
"HT",2010,0.5318475
"HT",2011,0.5703718
"HT",2012,0.32547
"HT",2013,0.3540682
"HT",2014,
"HT",2015,0.3984602
"HT",2016,
"HT",2017,
"XK",1981,
"XK",1982,
"XK",1983,
"XK",1984,
"XK",1985,
"XK",1986,
"XK",1987,
"XK",1988,
"XK",1989,
"XK",1990,
"XK",1991,
"XK",1992,
"XK",1993,
"XK",1994,
"XK",1995,
"XK",1996,0.02735388
"XK",1997,
"XK",1998,
"XK",1999,0.0318845
"XK",2000,
"XK",2001,
"XK",2002,0.009683897
"XK",2003,
"XK",2004,
"XK",2005,0.02890363
"XK",2006,
"XK",2007,
"XK",2008,0.02851313
"XK",2009,
"XK",2010,0.03102056
"XK",2011,0.02494094
"XK",2012,0.01765895
"XK",2013,0.01070306
"XK",2014,
"XK",2015,0.01567003
"XK",2016,
"XK",2017,
"MV",1981,
"MV",1982,
"MV",1983,
"MV",1984,
"MV",1985,
"MV",1986,
"MV",1987,
"MV",1988,
"MV",1989,
"MV",1990,
"MV",1991,
"MV",1992,
"MV",1993,
"MV",1994,
"MV",1995,
"MV",1996,0.09813291
"MV",1997,
"MV",1998,
"MV",1999,0.06964124
"MV",2000,
"MV",2001,
"MV",2002,0.08393944
"MV",2003,
"MV",2004,
"MV",2005,0.1255753
"MV",2006,
"MV",2007,
"MV",2008,0.06681687
"MV",2009,
"MV",2010,0.10606
"MV",2011,0.1085822
"MV",2012,0.1137033
"MV",2013,0.1184524
"MV",2014,
"MV",2015,0.1225112
"MV",2016,
"MV",2017,
"PS",1981,
"PS",1982,
"PS",1983,
"PS",1984,
"PS",1985,
"PS",1986,
"PS",1987,
"PS",1988,
"PS",1989,
"PS",1990,
"PS",1991,
"PS",1992,
"PS",1993,
"PS",1994,
"PS",1995,
"PS",1996,0.005896262
"PS",1997,
"PS",1998,
"PS",1999,0.002274678
"PS",2000,
"PS",2001,
"PS",2002,0.01324829
"PS",2003,
"PS",2004,
"PS",2005,0.007661413
"PS",2006,
"PS",2007,
"PS",2008,0.01372058
"PS",2009,
"PS",2010,0.006274608
"PS",2011,0.005146342
"PS",2012,0.005478351
"PS",2013,0.01172184
"PS",2014,
"PS",2015,0.01796075
"PS",2016,
"PS",2017,
"ST",1981,
"ST",1982,
"ST",1983,
"ST",1984,
"ST",1985,
"ST",1986,
"ST",1987,
"ST",1988,
"ST",1989,
"ST",1990,
"ST",1991,
"ST",1992,
"ST",1993,
"ST",1994,
"ST",1995,
"ST",1996,
"ST",1997,
"ST",1998,
"ST",1999,
"ST",2000,
"ST",2001,
"ST",2002,0.2456378
"ST",2003,
"ST",2004,
"ST",2005,0.3229607
"ST",2006,
"ST",2007,
"ST",2008,0.3513354
"ST",2009,
"ST",2010,0.4176499
"ST",2011,0.4509755
"ST",2012,0.4701089
"ST",2013,0.4994504
"ST",2014,
"ST",2015,0.5024805
"ST",2016,
"ST",2017,
"SS",1981,
"SS",1982,
"SS",1983,
"SS",1984,
"SS",1985,
"SS",1986,
"SS",1987,
"SS",1988,
"SS",1989,
"SS",1990,
"SS",1991,
"SS",1992,
"SS",1993,
"SS",1994,
"SS",1995,
"SS",1996,
"SS",1997,
"SS",1998,
"SS",1999,
"SS",2000,
"SS",2001,
"SS",2002,
"SS",2003,
"SS",2004,
"SS",2005,
"SS",2006,
"SS",2007,
"SS",2008,0.4493342
"SS",2009,
"SS",2010,0.4672293
"SS",2011,0.5292788
"SS",2012,0.815082
"SS",2013,0.8035489
"SS",2014,
"SS",2015,0.8490059
"SS",2016,
"SS",2017,
