"di_id","Year","ModeratePovertyPercentage"
"AL",1981,0.252051
"AL",1982,
"AL",1983,
"AL",1984,0.2372684
"AL",1985,
"AL",1986,
"AL",1987,0.2441632
"AL",1988,
"AL",1989,
"AL",1990,0.2438462
"AL",1991,
"AL",1992,
"AL",1993,0.2372684
"AL",1994,
"AL",1995,
"AL",1996,0.1385189
"AL",1997,
"AL",1998,
"AL",1999,0.2790229
"AL",2000,
"AL",2001,
"AL",2002,0.1698068
"AL",2003,
"AL",2004,
"AL",2005,0.1088009
"AL",2006,
"AL",2007,
"AL",2008,0.06545949
"AL",2009,
"AL",2010,0.07274629
"AL",2011,0.07159853
"AL",2012,0.07671665
"AL",2013,0.07266002
"AL",2014,
"AL",2015,0.06130297
"AL",2016,
"AL",2017,
"DZ",1981,0.1729292
"DZ",1982,
"DZ",1983,
"DZ",1984,0.1581748
"DZ",1985,
"DZ",1986,
"DZ",1987,0.19574
"DZ",1988,
"DZ",1989,
"DZ",1990,0.2222882
"DZ",1991,
"DZ",1992,
"DZ",1993,0.2459095
"DZ",1994,
"DZ",1995,
"DZ",1996,0.2562916
"DZ",1997,
"DZ",1998,
"DZ",1999,0.2517087
"DZ",2000,
"DZ",2001,
"DZ",2002,0.1845946
"DZ",2003,
"DZ",2004,
"DZ",2005,0.1283441
"DZ",2006,
"DZ",2007,
"DZ",2008,0.08100622
"DZ",2009,
"DZ",2010,0.05272592
"DZ",2011,0.04061553
"DZ",2012,0.03478338
"DZ",2013,0.03047524
"DZ",2014,
"DZ",2015,0.02512442
"DZ",2016,
"DZ",2017,
"AO",1981,0.4611733
"AO",1982,
"AO",1983,
"AO",1984,0.4648582
"AO",1985,
"AO",1986,
"AO",1987,0.4419423
"AO",1988,
"AO",1989,
"AO",1990,0.454001
"AO",1991,
"AO",1992,
"AO",1993,0.663789
"AO",1994,
"AO",1995,
"AO",1996,0.5968573
"AO",1997,
"AO",1998,
"AO",1999,0.5563611
"AO",2000,
"AO",2001,
"AO",2002,0.649983
"AO",2003,
"AO",2004,
"AO",2005,0.6435326
"AO",2006,
"AO",2007,
"AO",2008,0.5405883
"AO",2009,
"AO",2010,0.5638262
"AO",2011,0.561543
"AO",2012,0.5534787
"AO",2013,0.5418012
"AO",2014,
"AO",2015,0.5385938
"AO",2016,
"AO",2017,
"AM",1981,0.2912486
"AM",1982,
"AM",1983,
"AM",1984,0.2675533
"AM",1985,
"AM",1986,
"AM",1987,0.2829865
"AM",1988,
"AM",1989,
"AM",1990,0.3133495
"AM",1991,
"AM",1992,
"AM",1993,0.5532158
"AM",1994,
"AM",1995,
"AM",1996,0.4208927
"AM",1997,
"AM",1998,
"AM",1999,0.5247357
"AM",2000,
"AM",2001,
"AM",2002,0.5226466
"AM",2003,
"AM",2004,
"AM",2005,0.2687285
"AM",2006,
"AM",2007,
"AM",2008,0.1360264
"AM",2009,
"AM",2010,0.2045839
"AM",2011,0.1882657
"AM",2012,0.1710122
"AM",2013,0.1623554
"AM",2014,
"AM",2015,0.1345875
"AM",2016,
"AM",2017,
"AU",1981,0.01246238
"AU",1982,
"AU",1983,
"AU",1984,0.01236906
"AU",1985,
"AU",1986,
"AU",1987,0.0111446
"AU",1988,
"AU",1989,
"AU",1990,0.01032872
"AU",1991,
"AU",1992,
"AU",1993,0.0114611
"AU",1994,
"AU",1995,
"AU",1996,0.01183346
"AU",1997,
"AU",1998,
"AU",1999,0.009922871
"AU",2000,
"AU",2001,
"AU",2002,0.0111667
"AU",2003,
"AU",2004,
"AU",2005,0.008978255
"AU",2006,
"AU",2007,
"AU",2008,0.004992525
"AU",2009,
"AU",2010,0.004980354
"AU",2011,0.004980354
"AU",2012,0.004980354
"AU",2013,0.004980354
"AU",2014,
"AU",2015,0.004980354
"AU",2016,
"AU",2017,
"AT",1981,0.004829058
"AT",1982,
"AT",1983,
"AT",1984,0.004829058
"AT",1985,
"AT",1986,
"AT",1987,0.004829058
"AT",1988,
"AT",1989,
"AT",1990,0.004829058
"AT",1991,
"AT",1992,
"AT",1993,0.004829058
"AT",1994,
"AT",1995,
"AT",1996,0.004829058
"AT",1997,
"AT",1998,
"AT",1999,0.004829058
"AT",2000,
"AT",2001,
"AT",2002,0.004829058
"AT",2003,
"AT",2004,
"AT",2005,0.002370677
"AT",2006,
"AT",2007,
"AT",2008,0.004929696
"AT",2009,
"AT",2010,0.004952629
"AT",2011,0.004942109
"AT",2012,0.007474631
"AT",2013,0.004742668
"AT",2014,
"AT",2015,0.007479796
"AT",2016,
"AT",2017,
"AZ",1981,0.01129647
"AZ",1982,
"AZ",1983,
"AZ",1984,0.009890795
"AZ",1985,
"AZ",1986,
"AZ",1987,0.01129647
"AZ",1988,
"AZ",1989,
"AZ",1990,0.01364658
"AZ",1991,
"AZ",1992,
"AZ",1993,0.1140726
"AZ",1994,
"AZ",1995,
"AZ",1996,0.2549726
"AZ",1997,
"AZ",1998,
"AZ",1999,0.2063257
"AZ",2000,
"AZ",2001,
"AZ",2002,0.002595501
"AZ",2003,
"AZ",2004,
"AZ",2005,0
"AZ",2006,
"AZ",2007,
"AZ",2008,0
"AZ",2009,
"AZ",2010,0
"AZ",2011,0
"AZ",2012,0
"AZ",2013,0
"AZ",2014,
"AZ",2015,0
"AZ",2016,
"AZ",2017,
"BD",1981,0.7384545
"BD",1982,
"BD",1983,
"BD",1984,0.73931
"BD",1985,
"BD",1986,
"BD",1987,0.7545317
"BD",1988,
"BD",1989,
"BD",1990,0.8004675
"BD",1991,
"BD",1992,
"BD",1993,0.7849688
"BD",1994,
"BD",1995,
"BD",1996,0.7579505
"BD",1997,
"BD",1998,
"BD",1999,0.7465484
"BD",2000,
"BD",2001,
"BD",2002,0.7204029
"BD",2003,
"BD",2004,
"BD",2005,0.6631835
"BD",2006,
"BD",2007,
"BD",2008,0.6215756
"BD",2009,
"BD",2010,0.6038465
"BD",2011,0.5883505
"BD",2012,0.5774594
"BD",2013,0.5642152
"BD",2014,
"BD",2015,0.5355179
"BD",2016,
"BD",2017,
"BY",1981,0.009961452
"BY",1982,
"BY",1983,
"BY",1984,0.005677494
"BY",1985,
"BY",1986,
"BY",1987,0.005812504
"BY",1988,
"BY",1989,
"BY",1990,0.008839274
"BY",1991,
"BY",1992,
"BY",1993,0.03393248
"BY",1994,
"BY",1995,
"BY",1996,0.02426577
"BY",1997,
"BY",1998,
"BY",1999,0.344556
"BY",2000,
"BY",2001,
"BY",2002,0.1095131
"BY",2003,
"BY",2004,
"BY",2005,0.02538919
"BY",2006,
"BY",2007,
"BY",2008,0.005179286
"BY",2009,
"BY",2010,0.001721331
"BY",2011,0.0005468132
"BY",2012,0.0008120498
"BY",2013,0.0002247346
"BY",2014,
"BY",2015,0
"BY",2016,
"BY",2017,
"BE",1981,0.004962496
"BE",1982,
"BE",1983,
"BE",1984,0.004962496
"BE",1985,
"BE",1986,
"BE",1987,0.004962496
"BE",1988,
"BE",1989,
"BE",1990,0.004962496
"BE",1991,
"BE",1992,
"BE",1993,0.004962496
"BE",1994,
"BE",1995,
"BE",1996,0.004962496
"BE",1997,
"BE",1998,
"BE",1999,0.004962496
"BE",2000,
"BE",2001,
"BE",2002,0.004962496
"BE",2003,
"BE",2004,
"BE",2005,0.002313465
"BE",2006,
"BE",2007,
"BE",2008,0.002492924
"BE",2009,
"BE",2010,0.002167455
"BE",2011,0.002367523
"BE",2012,0.002432163
"BE",2013,0.002473494
"BE",2014,
"BE",2015,0.002423116
"BE",2016,
"BE",2017,
"BZ",1981,0.3308936
"BZ",1982,
"BZ",1983,
"BZ",1984,0.4412118
"BZ",1985,
"BZ",1986,
"BZ",1987,0.4180396
"BZ",1988,
"BZ",1989,
"BZ",1990,0.3149799
"BZ",1991,
"BZ",1992,
"BZ",1993,0.2478931
"BZ",1994,
"BZ",1995,
"BZ",1996,0.3147507
"BZ",1997,
"BZ",1998,
"BZ",1999,0.2984994
"BZ",2000,
"BZ",2001,
"BZ",2002,0.2462724
"BZ",2003,
"BZ",2004,
"BZ",2005,0.2822908
"BZ",2006,
"BZ",2007,
"BZ",2008,0.3114759
"BZ",2009,
"BZ",2010,0.2938254
"BZ",2011,0.2841973
"BZ",2012,0.2822908
"BZ",2013,0.2719862
"BZ",2014,
"BZ",2015,0.2719862
"BZ",2016,
"BZ",2017,
"BJ",1981,0.829744
"BJ",1982,
"BJ",1983,
"BJ",1984,0.8419276
"BJ",1985,
"BJ",1986,
"BJ",1987,0.8458832
"BJ",1988,
"BJ",1989,
"BJ",1990,0.8468321
"BJ",1991,
"BJ",1992,
"BJ",1993,0.8370016
"BJ",1994,
"BJ",1995,
"BJ",1996,0.8280804
"BJ",1997,
"BJ",1998,
"BJ",1999,0.8077632
"BJ",2000,
"BJ",2001,
"BJ",2002,0.7844063
"BJ",2003,
"BJ",2004,
"BJ",2005,0.7823315
"BJ",2006,
"BJ",2007,
"BJ",2008,0.7634746
"BJ",2009,
"BJ",2010,0.7689649
"BJ",2011,0.7686652
"BJ",2012,0.7661424
"BJ",2013,0.7647685
"BJ",2014,
"BJ",2015,0.7622722
"BJ",2016,
"BJ",2017,
"BT",1981,0.9198591
"BT",1982,
"BT",1983,
"BT",1984,0.9002689
"BT",1985,
"BT",1986,
"BT",1987,0.8163267
"BT",1988,
"BT",1989,
"BT",1990,0.7590799
"BT",1991,
"BT",1992,
"BT",1993,0.7168552
"BT",1994,
"BT",1995,
"BT",1996,0.6354169
"BT",1997,
"BT",1998,
"BT",1999,0.5827503
"BT",2000,
"BT",2001,
"BT",2002,0.5270671
"BT",2003,
"BT",2004,
"BT",2005,0.3633602
"BT",2006,
"BT",2007,
"BT",2008,0.3293101
"BT",2009,
"BT",2010,0.205927
"BT",2011,0.1598449
"BT",2012,0.1452089
"BT",2013,0.1192253
"BT",2014,
"BT",2015,0.1211373
"BT",2016,
"BT",2017,
"BO",1981,0.2048036
"BO",1982,
"BO",1983,
"BO",1984,0.2663613
"BO",1985,
"BO",1986,
"BO",1987,0.2420715
"BO",1988,
"BO",1989,
"BO",1990,0.2416746
"BO",1991,
"BO",1992,
"BO",1993,0.269395
"BO",1994,
"BO",1995,
"BO",1996,0.3215762
"BO",1997,
"BO",1998,
"BO",1999,0.3816194
"BO",2000,
"BO",2001,
"BO",2002,0.3856472
"BO",2003,
"BO",2004,
"BO",2005,0.3206204
"BO",2006,
"BO",2007,
"BO",2008,0.2031154
"BO",2009,
"BO",2010,0.1633898
"BO",2011,0.1409716
"BO",2012,0.1468035
"BO",2013,0.1222729
"BO",2014,
"BO",2015,0.1170776
"BO",2016,
"BO",2017,
"BW",1981,0.738856
"BW",1982,
"BW",1983,
"BW",1984,0.6618746
"BW",1985,
"BW",1986,
"BW",1987,0.6162856
"BW",1988,
"BW",1989,
"BW",1990,0.5464824
"BW",1991,
"BW",1992,
"BW",1993,0.5580194
"BW",1994,
"BW",1995,
"BW",1996,0.5291921
"BW",1997,
"BW",1998,
"BW",1999,0.4927606
"BW",2000,
"BW",2001,
"BW",2002,0.5069723
"BW",2003,
"BW",2004,
"BW",2005,0.4539165
"BW",2006,
"BW",2007,
"BW",2008,0.3530798
"BW",2009,
"BW",2010,0.352925
"BW",2011,0.3348234
"BW",2012,0.3262591
"BW",2013,0.2855118
"BW",2014,
"BW",2015,0.2908353
"BW",2016,
"BW",2017,
"BR",1981,0.3919593
"BR",1982,
"BR",1983,
"BR",1984,0.4659108
"BR",1985,
"BR",1986,
"BR",1987,0.33135
"BR",1988,
"BR",1989,
"BR",1990,0.3846784
"BR",1991,
"BR",1992,
"BR",1993,0.3639449
"BR",1994,
"BR",1995,
"BR",1996,0.2731137
"BR",1997,
"BR",1998,
"BR",1999,0.2731341
"BR",2000,
"BR",2001,
"BR",2002,0.2240858
"BR",2003,
"BR",2004,
"BR",2005,0.1969683
"BR",2006,
"BR",2007,
"BR",2008,0.1349243
"BR",2009,
"BR",2010,0.112126
"BR",2011,0.1027384
"BR",2012,0.08680885
"BR",2013,0.08228491
"BR",2014,
"BR",2015,0.07989749
"BR",2016,
"BR",2017,
"BG",1981,0.001291804
"BG",1982,
"BG",1983,
"BG",1984,0.001042269
"BG",1985,
"BG",1986,
"BG",1987,0.0009245911
"BG",1988,
"BG",1989,
"BG",1990,0.001234193
"BG",1991,
"BG",1992,
"BG",1993,0.00424938
"BG",1994,
"BG",1995,
"BG",1996,0.02262231
"BG",1997,
"BG",1998,
"BG",1999,0.08055515
"BG",2000,
"BG",2001,
"BG",2002,0.05647223
"BG",2003,
"BG",2004,
"BG",2005,0.03421624
"BG",2006,
"BG",2007,
"BG",2008,0.03217315
"BG",2009,
"BG",2010,0.04229527
"BG",2011,0.04976971
"BG",2012,0.04990313
"BG",2013,0.04749911
"BG",2014,
"BG",2015,0.03746732
"BG",2016,
"BG",2017,
"BF",1981,0.9398065
"BF",1982,
"BF",1983,
"BF",1984,0.9398065
"BF",1985,
"BF",1986,
"BF",1987,0.9307641
"BF",1988,
"BF",1989,
"BF",1990,0.932025
"BF",1991,
"BF",1992,
"BF",1993,0.9274593
"BF",1994,
"BF",1995,
"BF",1996,0.9193767
"BF",1997,
"BF",1998,
"BF",1999,0.8889308
"BF",2000,
"BF",2001,
"BF",2002,0.8455926
"BF",2003,
"BF",2004,
"BF",2005,0.8073585
"BF",2006,
"BF",2007,
"BF",2008,0.8036312
"BF",2009,
"BF",2010,0.8090303
"BF",2011,0.7946588
"BF",2012,0.7799423
"BF",2013,0.769434
"BF",2014,
"BF",2015,0.7602889
"BF",2016,
"BF",2017,
"BI",1981,0.9589052
"BI",1982,
"BI",1983,
"BI",1984,0.9642031
"BI",1985,
"BI",1986,
"BI",1987,0.9521121
"BI",1988,
"BI",1989,
"BI",1990,0.9502415
"BI",1991,
"BI",1992,
"BI",1993,0.9508044
"BI",1994,
"BI",1995,
"BI",1996,0.9552205
"BI",1997,
"BI",1998,
"BI",1999,0.9515336
"BI",2000,
"BI",2001,
"BI",2002,0.939329
"BI",2003,
"BI",2004,
"BI",2005,0.9351022
"BI",2006,
"BI",2007,
"BI",2008,0.9147696
"BI",2009,
"BI",2010,0.9109929
"BI",2011,0.9068341
"BI",2012,0.9030588
"BI",2013,0.8949877
"BI",2014,
"BI",2015,0.9059218
"BI",2016,
"BI",2017,
"CV",1981,0.8354575
"CV",1982,
"CV",1983,
"CV",1984,0.8098333
"CV",1985,
"CV",1986,
"CV",1987,0.7784494
"CV",1988,
"CV",1989,
"CV",1990,0.7579092
"CV",1991,
"CV",1992,
"CV",1993,0.710094
"CV",1994,
"CV",1995,
"CV",1996,0.5606082
"CV",1997,
"CV",1998,
"CV",1999,0.4420581
"CV",2000,
"CV",2001,
"CV",2002,0.3700499
"CV",2003,
"CV",2004,
"CV",2005,0.3187036
"CV",2006,
"CV",2007,
"CV",2008,0.2503661
"CV",2009,
"CV",2010,0.2573748
"CV",2011,0.2456403
"CV",2012,0.2460738
"CV",2013,0.2477024
"CV",2014,
"CV",2015,0.2522682
"CV",2016,
"CV",2017,
"CM",1981,0.5859601
"CM",1982,
"CM",1983,
"CM",1984,0.5178561
"CM",1985,
"CM",1986,
"CM",1987,0.503659
"CM",1988,
"CM",1989,
"CM",1990,0.6450533
"CM",1991,
"CM",1992,
"CM",1993,0.7386023
"CM",1994,
"CM",1995,
"CM",1996,0.7334092
"CM",1997,
"CM",1998,
"CM",1999,0.6035346
"CM",2000,
"CM",2001,
"CM",2002,0.5305997
"CM",2003,
"CM",2004,
"CM",2005,0.5444544
"CM",2006,
"CM",2007,
"CM",2008,0.5485424
"CM",2009,
"CM",2010,0.5502207
"CM",2011,0.5332945
"CM",2012,0.5130692
"CM",2013,0.4805338
"CM",2014,
"CM",2015,0.4348304
"CM",2016,
"CM",2017,
"CA",1981,0.007481242
"CA",1982,
"CA",1983,
"CA",1984,0.004846105
"CA",1985,
"CA",1986,
"CA",1987,0.002210968
"CA",1988,
"CA",1989,
"CA",1990,0.002184546
"CA",1991,
"CA",1992,
"CA",1993,0.002379519
"CA",1994,
"CA",1995,
"CA",1996,0.004155603
"CA",1997,
"CA",1998,
"CA",1999,0.004992273
"CA",2000,
"CA",2001,
"CA",2002,0.00371349
"CA",2003,
"CA",2004,
"CA",2005,0.002451231
"CA",2006,
"CA",2007,
"CA",2008,0.002484453
"CA",2009,
"CA",2010,0.00248831
"CA",2011,0.003317939
"CA",2012,0.004147567
"CA",2013,0.004977196
"CA",2014,
"CA",2015,0.004977196
"CA",2016,
"CA",2017,
"CF",1981,0.890971
"CF",1982,
"CF",1983,
"CF",1984,0.8923244
"CF",1985,
"CF",1986,
"CF",1987,0.8993117
"CF",1988,
"CF",1989,
"CF",1990,0.9061887
"CF",1991,
"CF",1992,
"CF",1993,0.9202329
"CF",1994,
"CF",1995,
"CF",1996,0.8984438
"CF",1997,
"CF",1998,
"CF",1999,0.8597389
"CF",2000,
"CF",2001,
"CF",2002,0.8353763
"CF",2003,
"CF",2004,
"CF",2005,0.8404093
"CF",2006,
"CF",2007,
"CF",2008,0.8307973
"CF",2009,
"CF",2010,0.8243668
"CF",2011,0.8189812
"CF",2012,0.8111072
"CF",2013,0.9039825
"CF",2014,
"CF",2015,0.8954858
"CF",2016,
"CF",2017,
"TD",1981,0.935709
"TD",1982,
"TD",1983,
"TD",1984,0.9092202
"TD",1985,
"TD",1986,
"TD",1987,0.8991823
"TD",1988,
"TD",1989,
"TD",1990,0.8873275
"TD",1991,
"TD",1992,
"TD",1993,0.9117006
"TD",1994,
"TD",1995,
"TD",1996,0.9046105
"TD",1997,
"TD",1998,
"TD",1999,0.9021848
"TD",2000,
"TD",2001,
"TD",2002,0.8864028
"TD",2003,
"TD",2004,
"TD",2005,0.6774543
"TD",2006,
"TD",2007,
"TD",2008,0.6964766
"TD",2009,
"TD",2010,0.6508738
"TD",2011,0.6653115
"TD",2012,0.6398721
"TD",2013,0.6284452
"TD",2014,
"TD",2015,0.620289
"TD",2016,
"TD",2017,
"CL",1981,0.2146182
"CL",1982,
"CL",1983,
"CL",1984,0.3142769
"CL",1985,
"CL",1986,
"CL",1987,0.2884795
"CL",1988,
"CL",1989,
"CL",1990,0.2266579
"CL",1991,
"CL",1992,
"CL",1993,0.163241
"CL",1994,
"CL",1995,
"CL",1996,0.1244655
"CL",1997,
"CL",1998,
"CL",1999,0.1247993
"CL",2000,
"CL",2001,
"CL",2002,0.1227654
"CL",2003,
"CL",2004,
"CL",2005,0.08758061
"CL",2006,
"CL",2007,
"CL",2008,0.06307016
"CL",2009,
"CL",2010,0.05510429
"CL",2011,0.0469227
"CL",2012,0.03450967
"CL",2013,0.02594521
"CL",2014,
"CL",2015,0.03072751
"CL",2016,
"CL",2017,
"CN",1981,0.9935919
"CN",1982,
"CN",1983,
"CN",1984,0.9641668
"CN",1985,
"CN",1986,
"CN",1987,0.9031898
"CN",1988,
"CN",1989,
"CN",1990,0.9012913
"CN",1991,
"CN",1992,
"CN",1993,0.8352627
"CN",1994,
"CN",1995,
"CN",1996,0.7313408
"CN",1997,
"CN",1998,
"CN",1999,0.6854867
"CN",2000,
"CN",2001,
"CN",2002,0.5792895
"CN",2003,
"CN",2004,
"CN",2005,0.4347667
"CN",2006,
"CN",2007,
"CN",2008,0.3441005
"CN",2009,
"CN",2010,0.2853516
"CN",2011,0.2348374
"CN",2012,0.201537
"CN",2013,0.1208912
"CN",2014,
"CN",2015,0.06966224
"CN",2016,
"CN",2017,
"CO",1981,0.2378125
"CO",1982,
"CO",1983,
"CO",1984,0.2630324
"CO",1985,
"CO",1986,
"CO",1987,0.2369414
"CO",1988,
"CO",1989,
"CO",1990,0.2305069
"CO",1991,
"CO",1992,
"CO",1993,0.2287122
"CO",1994,
"CO",1995,
"CO",1996,0.3211763
"CO",1997,
"CO",1998,
"CO",1999,0.3604689
"CO",2000,
"CO",2001,
"CO",2002,0.3027418
"CO",2003,
"CO",2004,
"CO",2005,0.2338153
"CO",2006,
"CO",2007,
"CO",2008,0.2255221
"CO",2009,
"CO",2010,0.1839558
"CO",2011,0.1631869
"CO",2012,0.1564585
"CO",2013,0.142618
"CO",2014,
"CO",2015,0.1187941
"CO",2016,
"CO",2017,
"KM",1981,0.2964571
"KM",1982,
"KM",1983,
"KM",1984,0.2668849
"KM",1985,
"KM",1986,
"KM",1987,0.278142
"KM",1988,
"KM",1989,
"KM",1990,0.3014778
"KM",1991,
"KM",1992,
"KM",1993,0.3149231
"KM",1994,
"KM",1995,
"KM",1996,0.3704084
"KM",1997,
"KM",1998,
"KM",1999,0.3741086
"KM",2000,
"KM",2001,
"KM",2002,0.3348889
"KM",2003,
"KM",2004,
"KM",2005,0.339289
"KM",2006,
"KM",2007,
"KM",2008,0.3635385
"KM",2009,
"KM",2010,0.3731774
"KM",2011,0.3752705
"KM",2012,0.3768902
"KM",2013,0.3753593
"KM",2014,
"KM",2015,0.3839022
"KM",2016,
"KM",2017,
"CD",1981,0.8344214
"CD",1982,
"CD",1983,
"CD",1984,0.8373756
"CD",1985,
"CD",1986,
"CD",1987,0.8381332
"CD",1988,
"CD",1989,
"CD",1990,0.8837869
"CD",1991,
"CD",1992,
"CD",1993,0.9563048
"CD",1994,
"CD",1995,
"CD",1996,0.9675799
"CD",1997,
"CD",1998,
"CD",1999,0.9816216
"CD",2000,
"CD",2001,
"CD",2002,0.98832
"CD",2003,
"CD",2004,
"CD",2005,0.983986
"CD",2006,
"CD",2007,
"CD",2008,0.9640355
"CD",2009,
"CD",2010,0.9539049
"CD",2011,0.9423276
"CD",2012,0.9247316
"CD",2013,0.9074352
"CD",2014,
"CD",2015,0.8892375
"CD",2016,
"CD",2017,
"CG",1981,0.7314251
"CG",1982,
"CG",1983,
"CG",1984,0.630851
"CG",1985,
"CG",1986,
"CG",1987,0.6974261
"CG",1988,
"CG",1989,
"CG",1990,0.7099243
"CG",1991,
"CG",1992,
"CG",1993,0.7256464
"CG",1994,
"CG",1995,
"CG",1996,0.7463991
"CG",1997,
"CG",1998,
"CG",1999,0.778521
"CG",2000,
"CG",2001,
"CG",2002,0.7488181
"CG",2003,
"CG",2004,
"CG",2005,0.7416863
"CG",2006,
"CG",2007,
"CG",2008,0.7000693
"CG",2009,
"CG",2010,0.623986
"CG",2011,0.6126447
"CG",2012,0.6081509
"CG",2013,0.6034885
"CG",2014,
"CG",2015,0.5816622
"CG",2016,
"CG",2017,
"CR",1981,0.424377
"CR",1982,
"CR",1983,
"CR",1984,0.3309864
"CR",1985,
"CR",1986,
"CR",1987,0.2574879
"CR",1988,
"CR",1989,
"CR",1990,0.1929845
"CR",1991,
"CR",1992,
"CR",1993,0.1611849
"CR",1994,
"CR",1995,
"CR",1996,0.1671062
"CR",1997,
"CR",1998,
"CR",1999,0.1305768
"CR",2000,
"CR",2001,
"CR",2002,0.09789703
"CR",2003,
"CR",2004,
"CR",2005,0.07708052
"CR",2006,
"CR",2007,
"CR",2008,0.05193178
"CR",2009,
"CR",2010,0.04022798
"CR",2011,0.04270847
"CR",2012,0.0421723
"CR",2013,0.03974891
"CR",2014,
"CR",2015,0.04014205
"CR",2016,
"CR",2017,
"CI",1981,0.1395649
"CI",1982,
"CI",1983,
"CI",1984,0.1933201
"CI",1985,
"CI",1986,
"CI",1987,0.2508575
"CI",1988,
"CI",1989,
"CI",1990,0.3989494
"CI",1991,
"CI",1992,
"CI",1993,0.5055804
"CI",1994,
"CI",1995,
"CI",1996,0.5211318
"CI",1997,
"CI",1998,
"CI",1999,0.5497386
"CI",2000,
"CI",2001,
"CI",2002,0.5651612
"CI",2003,
"CI",2004,
"CI",2005,0.5762921
"CI",2006,
"CI",2007,
"CI",2008,0.5710148
"CI",2009,
"CI",2010,0.5974525
"CI",2011,0.6482601
"CI",2012,0.6230616
"CI",2013,0.606603
"CI",2014,
"CI",2015,0.5744292
"CI",2016,
"CI",2017,
"HR",1981,0.0009650505
"HR",1982,
"HR",1983,
"HR",1984,0.001042403
"HR",1985,
"HR",1986,
"HR",1987,0.0009648559
"HR",1988,
"HR",1989,
"HR",1990,0.002519289
"HR",1991,
"HR",1992,
"HR",1993,0.008550907
"HR",1994,
"HR",1995,
"HR",1996,0.01298657
"HR",1997,
"HR",1998,
"HR",1999,0.005452903
"HR",2000,
"HR",2001,
"HR",2002,0.001897039
"HR",2003,
"HR",2004,
"HR",2005,0.001525994
"HR",2006,
"HR",2007,
"HR",2008,0.00124757
"HR",2009,
"HR",2010,0.0005079306
"HR",2011,0.01989797
"HR",2012,0.02463781
"HR",2013,0.02248872
"HR",2014,
"HR",2015,0.0124084
"HR",2016,
"HR",2017,
"CY",1981,0.004931732
"CY",1982,
"CY",1983,
"CY",1984,0.002450742
"CY",1985,
"CY",1986,
"CY",1987,0.002450742
"CY",1988,
"CY",1989,
"CY",1990,0.002450742
"CY",1991,
"CY",1992,
"CY",1993,0.002450742
"CY",1994,
"CY",1995,
"CY",1996,0.002450742
"CY",1997,
"CY",1998,
"CY",1999,0.002450742
"CY",2000,
"CY",2001,
"CY",2002,0.002450742
"CY",2003,
"CY",2004,
"CY",2005,0
"CY",2006,
"CY",2007,
"CY",2008,0
"CY",2009,
"CY",2010,0
"CY",2011,0
"CY",2012,0
"CY",2013,0.002452543
"CY",2014,
"CY",2015,0
"CY",2016,
"CY",2017,
"CZ",1981,0.0003789659
"CZ",1982,
"CZ",1983,
"CZ",1984,0.0003540285
"CZ",1985,
"CZ",1986,
"CZ",1987,0.0002855648
"CZ",1988,
"CZ",1989,
"CZ",1990,0.00025452
"CZ",1991,
"CZ",1992,
"CZ",1993,0.0003704688
"CZ",1994,
"CZ",1995,
"CZ",1996,0.002680261
"CZ",1997,
"CZ",1998,
"CZ",1999,0.002386906
"CZ",2000,
"CZ",2001,
"CZ",2002,0.0005878716
"CZ",2003,
"CZ",2004,
"CZ",2005,0
"CZ",2006,
"CZ",2007,
"CZ",2008,0.002344959
"CZ",2009,
"CZ",2010,0.002386629
"CZ",2011,0.002137773
"CZ",2012,0.001617301
"CZ",2013,0
"CZ",2014,
"CZ",2015,0
"CZ",2016,
"CZ",2017,
"DK",1981,0.00470111
"DK",1982,
"DK",1983,
"DK",1984,0.00470111
"DK",1985,
"DK",1986,
"DK",1987,0.00470111
"DK",1988,
"DK",1989,
"DK",1990,0.00470111
"DK",1991,
"DK",1992,
"DK",1993,0.00470111
"DK",1994,
"DK",1995,
"DK",1996,0.00470111
"DK",1997,
"DK",1998,
"DK",1999,0.00470111
"DK",2000,
"DK",2001,
"DK",2002,0.00470111
"DK",2003,
"DK",2004,
"DK",2005,0.002245116
"DK",2006,
"DK",2007,
"DK",2008,0.002491895
"DK",2009,
"DK",2010,0
"DK",2011,0
"DK",2012,0
"DK",2013,0.004393926
"DK",2014,
"DK",2015,0.002117451
"DK",2016,
"DK",2017,
"DO",1981,0.1361899
"DO",1982,
"DO",1983,
"DO",1984,0.1306307
"DO",1985,
"DO",1986,
"DO",1987,0.1911139
"DO",1988,
"DO",1989,
"DO",1990,0.310249
"DO",1991,
"DO",1992,
"DO",1993,0.1622914
"DO",1994,
"DO",1995,
"DO",1996,0.134315
"DO",1997,
"DO",1998,
"DO",1999,0.1268577
"DO",2000,
"DO",2001,
"DO",2002,0.145805
"DO",2003,
"DO",2004,
"DO",2005,0.1678865
"DO",2006,
"DO",2007,
"DO",2008,0.1412169
"DO",2009,
"DO",2010,0.1242572
"DO",2011,0.1044038
"DO",2012,0.1153728
"DO",2013,0.1049492
"DO",2014,
"DO",2015,0.06970527
"DO",2016,
"DO",2017,
"EC",1981,0.3121566
"EC",1982,
"EC",1983,
"EC",1984,0.3349802
"EC",1985,
"EC",1986,
"EC",1987,0.3243483
"EC",1988,
"EC",1989,
"EC",1990,0.3476442
"EC",1991,
"EC",1992,
"EC",1993,0.3532221
"EC",1994,
"EC",1995,
"EC",1996,0.3762769
"EC",1997,
"EC",1998,
"EC",1999,0.4023928
"EC",2000,
"EC",2001,
"EC",2002,0.326266
"EC",2003,
"EC",2004,
"EC",2005,0.2566639
"EC",2006,
"EC",2007,
"EC",2008,0.1814779
"EC",2009,
"EC",2010,0.1473551
"EC",2011,0.1219691
"EC",2012,0.1144013
"EC",2013,0.1005222
"EC",2014,
"EC",2015,0.09439774
"EC",2016,
"EC",2017,
"EG",1981,0.5239948
"EG",1982,
"EG",1983,
"EG",1984,0.4719336
"EG",1985,
"EG",1986,
"EG",1987,0.4413203
"EG",1988,
"EG",1989,
"EG",1990,0.3878001
"EG",1991,
"EG",1992,
"EG",1993,0.3930134
"EG",1994,
"EG",1995,
"EG",1996,0.3756794
"EG",1997,
"EG",1998,
"EG",1999,0.2819461
"EG",2000,
"EG",2001,
"EG",2002,0.2779077
"EG",2003,
"EG",2004,
"EG",2005,0.3235215
"EG",2006,
"EG",2007,
"EG",2008,0.3080296
"EG",2009,
"EG",2010,0.2759151
"EG",2011,0.2553386
"EG",2012,0.2343104
"EG",2013,0.2161421
"EG",2014,
"EG",2015,0.1611809
"EG",2016,
"EG",2017,
"SV",1981,0.2752332
"SV",1982,
"SV",1983,
"SV",1984,0.3045828
"SV",1985,
"SV",1986,
"SV",1987,0.3112042
"SV",1988,
"SV",1989,
"SV",1990,0.3093913
"SV",1991,
"SV",1992,
"SV",1993,0.323711
"SV",1994,
"SV",1995,
"SV",1996,0.2889648
"SV",1997,
"SV",1998,
"SV",1999,0.2874748
"SV",2000,
"SV",2001,
"SV",2002,0.2587539
"SV",2003,
"SV",2004,
"SV",2005,0.228438
"SV",2006,
"SV",2007,
"SV",2008,0.1955627
"SV",2009,
"SV",2010,0.1794429
"SV",2011,0.1619935
"SV",2012,0.1440362
"SV",2013,0.1235473
"SV",2014,
"SV",2015,0.09913794
"SV",2016,
"SV",2017,
"EE",1981,0.03018442
"EE",1982,
"EE",1983,
"EE",1984,0.02400236
"EE",1985,
"EE",1986,
"EE",1987,0.02469251
"EE",1988,
"EE",1989,
"EE",1990,0.02066701
"EE",1991,
"EE",1992,
"EE",1993,0.06363156
"EE",1994,
"EE",1995,
"EE",1996,0.04802313
"EE",1997,
"EE",1998,
"EE",1999,0.05037013
"EE",2000,
"EE",2001,
"EE",2002,0.05335687
"EE",2003,
"EE",2004,
"EE",2005,0.01999502
"EE",2006,
"EE",2007,
"EE",2008,0.009739511
"EE",2009,
"EE",2010,0.01683406
"EE",2011,0.01725379
"EE",2012,0.01486997
"EE",2013,0.01499193
"EE",2014,
"EE",2015,0.009975982
"EE",2016,
"EE",2017,
"SZ",1981,0.9647387
"SZ",1982,
"SZ",1983,
"SZ",1984,0.9652055
"SZ",1985,
"SZ",1986,
"SZ",1987,0.9520613
"SZ",1988,
"SZ",1989,
"SZ",1990,0.9238314
"SZ",1991,
"SZ",1992,
"SZ",1993,0.9225679
"SZ",1994,
"SZ",1995,
"SZ",1996,0.8245341
"SZ",1997,
"SZ",1998,
"SZ",1999,0.723062
"SZ",2000,
"SZ",2001,
"SZ",2002,0.7035807
"SZ",2003,
"SZ",2004,
"SZ",2005,0.6738997
"SZ",2006,
"SZ",2007,
"SZ",2008,0.6513183
"SZ",2009,
"SZ",2010,0.6371419
"SZ",2011,0.6350409
"SZ",2012,0.6248707
"SZ",2013,0.6054433
"SZ",2014,
"SZ",2015,0.6101598
"SZ",2016,
"SZ",2017,
"ET",1981,0.8151411
"ET",1982,
"ET",1983,
"ET",1984,0.8254491
"ET",1985,
"ET",1986,
"ET",1987,0.8221418
"ET",1988,
"ET",1989,
"ET",1990,0.8473611
"ET",1991,
"ET",1992,
"ET",1993,0.8906715
"ET",1994,
"ET",1995,
"ET",1996,0.8619298
"ET",1997,
"ET",1998,
"ET",1999,0.8853087
"ET",2000,
"ET",2001,
"ET",2002,0.8522071
"ET",2003,
"ET",2004,
"ET",2005,0.7759626
"ET",2006,
"ET",2007,
"ET",2008,0.7520819
"ET",2009,
"ET",2010,0.7356805
"ET",2011,0.7180451
"ET",2012,0.6990472
"ET",2013,0.6715762
"ET",2014,
"ET",2015,0.6217997
"ET",2016,
"ET",2017,
"FJ",1981,0.2880772
"FJ",1982,
"FJ",1983,
"FJ",1984,0.342675
"FJ",1985,
"FJ",1986,
"FJ",1987,0.3809604
"FJ",1988,
"FJ",1989,
"FJ",1990,0.3125251
"FJ",1991,
"FJ",1992,
"FJ",1993,0.301539
"FJ",1994,
"FJ",1995,
"FJ",1996,0.256275
"FJ",1997,
"FJ",1998,
"FJ",1999,0.2315352
"FJ",2000,
"FJ",2001,
"FJ",2002,0.219795
"FJ",2003,
"FJ",2004,
"FJ",2005,0.1792553
"FJ",2006,
"FJ",2007,
"FJ",2008,0.1663221
"FJ",2009,
"FJ",2010,0.1685367
"FJ",2011,0.1616838
"FJ",2012,0.1596918
"FJ",2013,0.1449984
"FJ",2014,
"FJ",2015,0.1155141
"FJ",2016,
"FJ",2017,
"FI",1981,0.002493796
"FI",1982,
"FI",1983,
"FI",1984,0.002493796
"FI",1985,
"FI",1986,
"FI",1987,0.002493796
"FI",1988,
"FI",1989,
"FI",1990,0.002493796
"FI",1991,
"FI",1992,
"FI",1993,0.002493796
"FI",1994,
"FI",1995,
"FI",1996,0.002493796
"FI",1997,
"FI",1998,
"FI",1999,0.002493796
"FI",2000,
"FI",2001,
"FI",2002,0
"FI",2003,
"FI",2004,
"FI",2005,0
"FI",2006,
"FI",2007,
"FI",2008,0
"FI",2009,
"FI",2010,0
"FI",2011,0
"FI",2012,0
"FI",2013,0
"FI",2014,
"FI",2015,0
"FI",2016,
"FI",2017,
"FR",1981,0.002475366
"FR",1982,
"FR",1983,
"FR",1984,0.002475366
"FR",1985,
"FR",1986,
"FR",1987,0.002475366
"FR",1988,
"FR",1989,
"FR",1990,0.002475366
"FR",1991,
"FR",1992,
"FR",1993,0.002475366
"FR",1994,
"FR",1995,
"FR",1996,0.002475366
"FR",1997,
"FR",1998,
"FR",1999,0.002475366
"FR",2000,
"FR",2001,
"FR",2002,0.002475366
"FR",2003,
"FR",2004,
"FR",2005,0
"FR",2006,
"FR",2007,
"FR",2008,0
"FR",2009,
"FR",2010,0.002492812
"FR",2011,0
"FR",2012,0
"FR",2013,0
"FR",2014,
"FR",2015,0.002474028
"FR",2016,
"FR",2017,
"GA",1981,0.1532964
"GA",1982,
"GA",1983,
"GA",1984,0.1464682
"GA",1985,
"GA",1986,
"GA",1987,0.269973
"GA",1988,
"GA",1989,
"GA",1990,0.1919967
"GA",1991,
"GA",1992,
"GA",1993,0.1987969
"GA",1994,
"GA",1995,
"GA",1996,0.1801217
"GA",1997,
"GA",1998,
"GA",1999,0.211813
"GA",2000,
"GA",2001,
"GA",2002,0.246518
"GA",2003,
"GA",2004,
"GA",2005,0.2581977
"GA",2006,
"GA",2007,
"GA",2008,0.2620315
"GA",2009,
"GA",2010,0.2309746
"GA",2011,0.2049735
"GA",2012,0.1855283
"GA",2013,0.163752
"GA",2014,
"GA",2015,0.1319884
"GA",2016,
"GA",2017,
"GM",1981,0.8416264
"GM",1982,
"GM",1983,
"GM",1984,0.8405309
"GM",1985,
"GM",1986,
"GM",1987,0.861394
"GM",1988,
"GM",1989,
"GM",1990,0.8595242
"GM",1991,
"GM",1992,
"GM",1993,0.8603322
"GM",1994,
"GM",1995,
"GM",1996,0.8712212
"GM",1997,
"GM",1998,
"GM",1999,0.7845096
"GM",2000,
"GM",2001,
"GM",2002,0.8258946
"GM",2003,
"GM",2004,
"GM",2005,0.6695843
"GM",2006,
"GM",2007,
"GM",2008,0.6075015
"GM",2009,
"GM",2010,0.5271141
"GM",2011,0.5454202
"GM",2012,0.4919263
"GM",2013,0.4470321
"GM",2014,
"GM",2015,0.3874239
"GM",2016,
"GM",2017,
"GE",1981,0
"GE",1982,
"GE",1983,
"GE",1984,0
"GE",1985,
"GE",1986,
"GE",1987,0
"GE",1988,
"GE",1989,
"GE",1990,0
"GE",1991,
"GE",1992,
"GE",1993,0.210801
"GE",1994,
"GE",1995,
"GE",1996,0.1816658
"GE",1997,
"GE",1998,
"GE",1999,0.4382813
"GE",2000,
"GE",2001,
"GE",2002,0.3198274
"GE",2003,
"GE",2004,
"GE",2005,0.3272248
"GE",2006,
"GE",2007,
"GE",2008,0.3275643
"GE",2009,
"GE",2010,0.3262871
"GE",2011,0.293716
"GE",2012,0.2653261
"GE",2013,0.2205044
"GE",2014,
"GE",2015,0.1670351
"GE",2016,
"GE",2017,
"DE",1981,0.002486047
"DE",1982,
"DE",1983,
"DE",1984,0
"DE",1985,
"DE",1986,
"DE",1987,0
"DE",1988,
"DE",1989,
"DE",1990,0
"DE",1991,
"DE",1992,
"DE",1993,0.001156454
"DE",1994,
"DE",1995,
"DE",1996,0.001939254
"DE",1997,
"DE",1998,
"DE",1999,0.002246113
"DE",2000,
"DE",2001,
"DE",2002,0.00072292
"DE",2003,
"DE",2004,
"DE",2005,0.00108438
"DE",2006,
"DE",2007,
"DE",2008,0.0008282537
"DE",2009,
"DE",2010,0.002484761
"DE",2011,0
"DE",2012,0
"DE",2013,0
"DE",2014,
"DE",2015,0
"DE",2016,
"DE",2017,
"GH",1981,0.7191167
"GH",1982,
"GH",1983,
"GH",1984,0.7901561
"GH",1985,
"GH",1986,
"GH",1987,0.7627169
"GH",1988,
"GH",1989,
"GH",1990,0.7655797
"GH",1991,
"GH",1992,
"GH",1993,0.7527567
"GH",1994,
"GH",1995,
"GH",1996,0.6867866
"GH",1997,
"GH",1998,
"GH",1999,0.6246504
"GH",2000,
"GH",2001,
"GH",2002,0.5947375
"GH",2003,
"GH",2004,
"GH",2005,0.522208
"GH",2006,
"GH",2007,
"GH",2008,0.4542066
"GH",2009,
"GH",2010,0.4207416
"GH",2011,0.368412
"GH",2012,0.3399373
"GH",2013,0.3200598
"GH",2014,
"GH",2015,0.3064088
"GH",2016,
"GH",2017,
"GR",1981,0.01492547
"GR",1982,
"GR",1983,
"GR",1984,0.01492547
"GR",1985,
"GR",1986,
"GR",1987,0.01492547
"GR",1988,
"GR",1989,
"GR",1990,0.009976583
"GR",1991,
"GR",1992,
"GR",1993,0.009976583
"GR",1994,
"GR",1995,
"GR",1996,0.009976583
"GR",1997,
"GR",1998,
"GR",1999,0.007485849
"GR",2000,
"GR",2001,
"GR",2002,0.007485849
"GR",2003,
"GR",2004,
"GR",2005,0.004962416
"GR",2006,
"GR",2007,
"GR",2008,0.004960024
"GR",2009,
"GR",2010,0.01237984
"GR",2011,0.01997942
"GR",2012,0.02985847
"GR",2013,0.02732836
"GR",2014,
"GR",2015,0.02746548
"GR",2016,
"GR",2017,
"GT",1981,0.6333698
"GT",1982,
"GT",1983,
"GT",1984,0.6735637
"GT",1985,
"GT",1986,
"GT",1987,0.6456859
"GT",1988,
"GT",1989,
"GT",1990,0.5187703
"GT",1991,
"GT",1992,
"GT",1993,0.4334262
"GT",1994,
"GT",1995,
"GT",1996,0.3394919
"GT",1997,
"GT",1998,
"GT",1999,0.250919
"GT",2000,
"GT",2001,
"GT",2002,0.2288955
"GT",2003,
"GT",2004,
"GT",2005,0.2383644
"GT",2006,
"GT",2007,
"GT",2008,0.2360899
"GT",2009,
"GT",2010,0.2492963
"GT",2011,0.248624
"GT",2012,0.2500215
"GT",2013,0.2476185
"GT",2014,
"GT",2015,0.229665
"GT",2016,
"GT",2017,
"GN",1981,0.9845483
"GN",1982,
"GN",1983,
"GN",1984,0.9868672
"GN",1985,
"GN",1986,
"GN",1987,0.9845424
"GN",1988,
"GN",1989,
"GN",1990,0.9822817
"GN",1991,
"GN",1992,
"GN",1993,0.8188007
"GN",1994,
"GN",1995,
"GN",1996,0.763007
"GN",1997,
"GN",1998,
"GN",1999,0.79806
"GN",2000,
"GN",2001,
"GN",2002,0.8368481
"GN",2003,
"GN",2004,
"GN",2005,0.8324873
"GN",2006,
"GN",2007,
"GN",2008,0.7962694
"GN",2009,
"GN",2010,0.8359695
"GN",2011,0.7767503
"GN",2012,0.7029938
"GN",2013,0.6951087
"GN",2014,
"GN",2015,0.6824739
"GN",2016,
"GN",2017,
"GW",1981,0.6708766
"GW",1982,
"GW",1983,
"GW",1984,0.6633897
"GW",1985,
"GW",1986,
"GW",1987,0.6678634
"GW",1988,
"GW",1989,
"GW",1990,0.6326257
"GW",1991,
"GW",1992,
"GW",1993,0.8606833
"GW",1994,
"GW",1995,
"GW",1996,0.7767138
"GW",1997,
"GW",1998,
"GW",1999,0.8530687
"GW",2000,
"GW",2001,
"GW",2002,0.8262649
"GW",2003,
"GW",2004,
"GW",2005,0.8333501
"GW",2006,
"GW",2007,
"GW",2008,0.8404353
"GW",2009,
"GW",2010,0.8451587
"GW",2011,0.8300581
"GW",2012,0.8420408
"GW",2013,0.8400807
"GW",2014,
"GW",2015,0.8359315
"GW",2016,
"GW",2017,
"GY",1981,0.5316974
"GY",1982,
"GY",1983,
"GY",1984,0.6703568
"GY",1985,
"GY",1986,
"GY",1987,0.64575
"GY",1988,
"GY",1989,
"GY",1990,0.6977166
"GY",1991,
"GY",1992,
"GY",1993,0.5677318
"GY",1994,
"GY",1995,
"GY",1996,0.351866
"GY",1997,
"GY",1998,
"GY",1999,0.2823589
"GY",2000,
"GY",2001,
"GY",2002,0.2735102
"GY",2003,
"GY",2004,
"GY",2005,0.2720951
"GY",2006,
"GY",2007,
"GY",2008,0.2227753
"GY",2009,
"GY",2010,0.2001519
"GY",2011,0.1869561
"GY",2012,0.174809
"GY",2013,0.1642527
"GY",2014,
"GY",2015,0.1514355
"GY",2016,
"GY",2017,
"HN",1981,0.6138433
"HN",1982,
"HN",1983,
"HN",1984,0.6194615
"HN",1985,
"HN",1986,
"HN",1987,0.6246489
"HN",1988,
"HN",1989,
"HN",1990,0.6427295
"HN",1991,
"HN",1992,
"HN",1993,0.4591457
"HN",1994,
"HN",1995,
"HN",1996,0.5072276
"HN",1997,
"HN",1998,
"HN",1999,0.4321922
"HN",2000,
"HN",2001,
"HN",2002,0.4000772
"HN",2003,
"HN",2004,
"HN",2005,0.4141438
"HN",2006,
"HN",2007,
"HN",2008,0.3027292
"HN",2009,
"HN",2010,0.2939646
"HN",2011,0.3174869
"HN",2012,0.3609298
"HN",2013,0.3287707
"HN",2014,
"HN",2015,0.3223756
"HN",2016,
"HN",2017,
"HU",1981,0.001195245
"HU",1982,
"HU",1983,
"HU",1984,0.001123213
"HU",1985,
"HU",1986,
"HU",1987,0.0009949269
"HU",1988,
"HU",1989,
"HU",1990,0.005426643
"HU",1991,
"HU",1992,
"HU",1993,0.004007469
"HU",1994,
"HU",1995,
"HU",1996,0.00764253
"HU",1997,
"HU",1998,
"HU",1999,0.003117134
"HU",2000,
"HU",2001,
"HU",2002,0.0006647716
"HU",2003,
"HU",2004,
"HU",2005,0.001697426
"HU",2006,
"HU",2007,
"HU",2008,0.002493967
"HU",2009,
"HU",2010,0.002436743
"HU",2011,0.002431676
"HU",2012,0.007281335
"HU",2013,0.007114477
"HU",2014,
"HU",2015,0.009841962
"HU",2016,
"HU",2017,
"IS",1981,0.00218494
"IS",1982,
"IS",1983,
"IS",1984,0.00218494
"IS",1985,
"IS",1986,
"IS",1987,0.00218494
"IS",1988,
"IS",1989,
"IS",1990,0.00218494
"IS",1991,
"IS",1992,
"IS",1993,0.00218494
"IS",1994,
"IS",1995,
"IS",1996,0.00218494
"IS",1997,
"IS",1998,
"IS",1999,0
"IS",2000,
"IS",2001,
"IS",2002,0
"IS",2003,
"IS",2004,
"IS",2005,0
"IS",2006,
"IS",2007,
"IS",2008,0
"IS",2009,
"IS",2010,0.002497277
"IS",2011,0.002494745
"IS",2012,0
"IS",2013,0
"IS",2014,
"IS",2015,0
"IS",2016,
"IS",2017,
"IN",1981,0.8651055
"IN",1982,
"IN",1983,
"IN",1984,0.85332
"IN",1985,
"IN",1986,
"IN",1987,0.8381654
"IN",1988,
"IN",1989,
"IN",1990,0.818681
"IN",1991,
"IN",1992,
"IN",1993,0.8128042
"IN",1994,
"IN",1995,
"IN",1996,0.795238
"IN",1997,
"IN",1998,
"IN",1999,0.7817264
"IN",2000,
"IN",2001,
"IN",2002,0.7715611
"IN",2003,
"IN",2004,
"IN",2005,0.7471338
"IN",2006,
"IN",2007,
"IN",2008,0.7154815
"IN",2009,
"IN",2010,0.6736022
"IN",2011,0.6140322
"IN",2012,0.5930624
"IN",2013,0.561392
"IN",2014,
"IN",2015,0.5036035
"IN",2016,
"IN",2017,
"ID",1981,0.9353402
"ID",1982,
"ID",1983,
"ID",1984,0.9173733
"ID",1985,
"ID",1986,
"ID",1987,0.9268053
"ID",1988,
"ID",1989,
"ID",1990,0.8700493
"ID",1991,
"ID",1992,
"ID",1993,0.8658419
"ID",1994,
"ID",1995,
"ID",1996,0.797508
"ID",1997,
"ID",1998,
"ID",1999,0.8012316
"ID",2000,
"ID",2001,
"ID",2002,0.6518163
"ID",2003,
"ID",2004,
"ID",2005,0.6131136
"ID",2006,
"ID",2007,
"ID",2008,0.5663056
"ID",2009,
"ID",2010,0.4810822
"ID",2011,0.4503504
"ID",2012,0.4346552
"ID",2013,0.4073621
"ID",2014,
"ID",2015,0.3312201
"ID",2016,
"ID",2017,
"IR",1981,0.2623
"IR",1982,
"IR",1983,
"IR",1984,0.1851315
"IR",1985,
"IR",1986,
"IR",1987,0.2492278
"IR",1988,
"IR",1989,
"IR",1990,0.1871948
"IR",1991,
"IR",1992,
"IR",1993,0.1285279
"IR",1994,
"IR",1995,
"IR",1996,0.1536869
"IR",1997,
"IR",1998,
"IR",1999,0.1268403
"IR",2000,
"IR",2001,
"IR",2002,0.05790693
"IR",2003,
"IR",2004,
"IR",2005,0.032274
"IR",2006,
"IR",2007,
"IR",2008,0.03493316
"IR",2009,
"IR",2010,0.02816332
"IR",2011,0.02010132
"IR",2012,0.01645878
"IR",2013,0.01183641
"IR",2014,
"IR",2015,0.02902483
"IR",2016,
"IR",2017,
"IQ",1981,0.3785929
"IQ",1982,
"IQ",1983,
"IQ",1984,0.5439365
"IQ",1985,
"IQ",1986,
"IQ",1987,0.4754128
"IQ",1988,
"IQ",1989,
"IQ",1990,0.2003218
"IQ",1991,
"IQ",1992,
"IQ",1993,0.6424234
"IQ",1994,
"IQ",1995,
"IQ",1996,0.5892797
"IQ",1997,
"IQ",1998,
"IQ",1999,0.1573766
"IQ",2000,
"IQ",2001,
"IQ",2002,0.2293178
"IQ",2003,
"IQ",2004,
"IQ",2005,0.2332318
"IQ",2006,
"IQ",2007,
"IQ",2008,0.1928196
"IQ",2009,
"IQ",2010,0.1933576
"IQ",2011,0.1901371
"IQ",2012,0.1785354
"IQ",2013,0.163891
"IQ",2014,
"IQ",2015,0.1682341
"IQ",2016,
"IQ",2017,
"IE",1981,0.004968697
"IE",1982,
"IE",1983,
"IE",1984,0.004968697
"IE",1985,
"IE",1986,
"IE",1987,0.004968697
"IE",1988,
"IE",1989,
"IE",1990,0.002425839
"IE",1991,
"IE",1992,
"IE",1993,0.002425839
"IE",1994,
"IE",1995,
"IE",1996,0.002425839
"IE",1997,
"IE",1998,
"IE",1999,0.002425839
"IE",2000,
"IE",2001,
"IE",2002,0.002425839
"IE",2003,
"IE",2004,
"IE",2005,0
"IE",2006,
"IE",2007,
"IE",2008,0.002007196
"IE",2009,
"IE",2010,0.007488451
"IE",2011,0.007053387
"IE",2012,0.004654939
"IE",2013,0.007410097
"IE",2014,
"IE",2015,0.004852196
"IE",2016,
"IE",2017,
"IL",1981,0.007564639
"IL",1982,
"IL",1983,
"IL",1984,0.007050943
"IL",1985,
"IL",1986,
"IL",1987,0.004792714
"IL",1988,
"IL",1989,
"IL",1990,0.00479089
"IL",1991,
"IL",1992,
"IL",1993,0.003645285
"IL",1994,
"IL",1995,
"IL",1996,0.006311906
"IL",1997,
"IL",1998,
"IL",1999,0.006082769
"IL",2000,
"IL",2001,
"IL",2002,0.006708261
"IL",2003,
"IL",2004,
"IL",2005,0.01239112
"IL",2006,
"IL",2007,
"IL",2008,0.009838237
"IL",2009,
"IL",2010,0.009529112
"IL",2011,0.01093817
"IL",2012,0.01234722
"IL",2013,0.01234722
"IL",2014,
"IL",2015,0.009904564
"IL",2016,
"IL",2017,
"IT",1981,0.01747423
"IT",1982,
"IT",1983,
"IT",1984,0.01489305
"IT",1985,
"IT",1986,
"IT",1987,0.01489305
"IT",1988,
"IT",1989,
"IT",1990,0.01235234
"IT",1991,
"IT",1992,
"IT",1993,0.01235234
"IT",1994,
"IT",1995,
"IT",1996,0.01235234
"IT",1997,
"IT",1998,
"IT",1999,0.01235234
"IT",2000,
"IT",2001,
"IT",2002,0.01235234
"IT",2003,
"IT",2004,
"IT",2005,0.009955735
"IT",2006,
"IT",2007,
"IT",2008,0.009998321
"IT",2009,
"IT",2010,0.01742567
"IT",2011,0.01497651
"IT",2012,0.01742059
"IT",2013,0.01991658
"IT",2014,
"IT",2015,0.02487699
"IT",2016,
"IT",2017,
"JM",1981,0.2197972
"JM",1982,
"JM",1983,
"JM",1984,0.2301238
"JM",1985,
"JM",1986,
"JM",1987,0.2163222
"JM",1988,
"JM",1989,
"JM",1990,0.206618
"JM",1991,
"JM",1992,
"JM",1993,0.3094474
"JM",1994,
"JM",1995,
"JM",1996,0.141367
"JM",1997,
"JM",1998,
"JM",1999,0.1010697
"JM",2000,
"JM",2001,
"JM",2002,0.1136306
"JM",2003,
"JM",2004,
"JM",2005,0.08884542
"JM",2006,
"JM",2007,
"JM",2008,0.0834522
"JM",2009,
"JM",2010,0.1045103
"JM",2011,0.1018407
"JM",2012,0.1045103
"JM",2013,0.1041406
"JM",2014,
"JM",2015,0.1018407
"JM",2016,
"JM",2017,
"JP",1981,0.009765625
"JP",1982,
"JP",1983,
"JP",1984,0.009765625
"JP",1985,
"JP",1986,
"JP",1987,0.007302988
"JP",1988,
"JP",1989,
"JP",1990,0.007302988
"JP",1991,
"JP",1992,
"JP",1993,0.007302988
"JP",1994,
"JP",1995,
"JP",1996,0.007302988
"JP",1997,
"JP",1998,
"JP",1999,0.007302988
"JP",2000,
"JP",2001,
"JP",2002,0.004755434
"JP",2003,
"JP",2004,
"JP",2005,0.004755434
"JP",2006,
"JP",2007,
"JP",2008,0.004755434
"JP",2009,
"JP",2010,0.004755434
"JP",2011,0.004755434
"JP",2012,0.004755434
"JP",2013,0.004755434
"JP",2014,
"JP",2015,0.004755434
"JP",2016,
"JP",2017,
"JO",1981,0.04023664
"JO",1982,
"JO",1983,
"JO",1984,0.02745031
"JO",1985,
"JO",1986,
"JO",1987,0.03005131
"JO",1988,
"JO",1989,
"JO",1990,0.1666716
"JO",1991,
"JO",1992,
"JO",1993,0.1604076
"JO",1994,
"JO",1995,
"JO",1996,0.138559
"JO",1997,
"JO",1998,
"JO",1999,0.1199562
"JO",2000,
"JO",2001,
"JO",2002,0.08537391
"JO",2003,
"JO",2004,
"JO",2005,0.04933901
"JO",2006,
"JO",2007,
"JO",2008,0.02974028
"JO",2009,
"JO",2010,0.02178265
"JO",2011,0.02192622
"JO",2012,0.02381314
"JO",2013,0.02706094
"JO",2014,
"JO",2015,0.03042571
"JO",2016,
"JO",2017,
"KZ",1981,0.1690941
"KZ",1982,
"KZ",1983,
"KZ",1984,0.1467252
"KZ",1985,
"KZ",1986,
"KZ",1987,0.1535287
"KZ",1988,
"KZ",1989,
"KZ",1990,0.1774454
"KZ",1991,
"KZ",1992,
"KZ",1993,0.246267
"KZ",1994,
"KZ",1995,
"KZ",1996,0.2491492
"KZ",1997,
"KZ",1998,
"KZ",1999,0.3043466
"KZ",2000,
"KZ",2001,
"KZ",2002,0.2809008
"KZ",2003,
"KZ",2004,
"KZ",2005,0.242868
"KZ",2006,
"KZ",2007,
"KZ",2008,0.02192028
"KZ",2009,
"KZ",2010,0.01866926
"KZ",2011,0.007288909
"KZ",2012,0.004274971
"KZ",2013,0.002735661
"KZ",2014,
"KZ",2015,0.003351895
"KZ",2016,
"KZ",2017,
"KE",1981,0.5319455
"KE",1982,
"KE",1983,
"KE",1984,0.5624377
"KE",1985,
"KE",1986,
"KE",1987,0.5356699
"KE",1988,
"KE",1989,
"KE",1990,0.5157452
"KE",1991,
"KE",1992,
"KE",1993,0.6254823
"KE",1994,
"KE",1995,
"KE",1996,0.5859969
"KE",1997,
"KE",1998,
"KE",1999,0.6223925
"KE",2000,
"KE",2001,
"KE",2002,0.680944
"KE",2003,
"KE",2004,
"KE",2005,0.6942054
"KE",2006,
"KE",2007,
"KE",2008,0.6859681
"KE",2009,
"KE",2010,0.6808296
"KE",2011,0.6778988
"KE",2012,0.6749663
"KE",2013,0.671756
"KE",2014,
"KE",2015,0.6646367
"KE",2016,
"KE",2017,
"KI",1981,0.2215999
"KI",1982,
"KI",1983,
"KI",1984,0.1896715
"KI",1985,
"KI",1986,
"KI",1987,0.313804
"KI",1988,
"KI",1989,
"KI",1990,0.3279114
"KI",1991,
"KI",1992,
"KI",1993,0.3460145
"KI",1994,
"KI",1995,
"KI",1996,0.3508422
"KI",1997,
"KI",1998,
"KI",1999,0.3412607
"KI",2000,
"KI",2001,
"KI",2002,0.3224411
"KI",2003,
"KI",2004,
"KI",2005,0.3224411
"KI",2006,
"KI",2007,
"KI",2008,0.373113
"KI",2009,
"KI",2010,0.4084311
"KI",2011,0.4152076
"KI",2012,0.3976646
"KI",2013,0.373113
"KI",2014,
"KI",2015,0.3272887
"KI",2016,
"KI",2017,
"KR",1981,0.07747829
"KR",1982,
"KR",1983,
"KR",1984,0.05249803
"KR",1985,
"KR",1986,
"KR",1987,0.03249876
"KR",1988,
"KR",1989,
"KR",1990,0.01749653
"KR",1991,
"KR",1992,
"KR",1993,0.01246321
"KR",1994,
"KR",1995,
"KR",1996,0.007493772
"KR",1997,
"KR",1998,
"KR",1999,0.007493772
"KR",2000,
"KR",2001,
"KR",2002,0.004922011
"KR",2003,
"KR",2004,
"KR",2005,0.004922011
"KR",2006,
"KR",2007,
"KR",2008,0.004755379
"KR",2009,
"KR",2010,0.007479055
"KR",2011,0.007483555
"KR",2012,0.004969561
"KR",2013,0.004969561
"KR",2014,
"KR",2015,0.004969561
"KR",2016,
"KR",2017,
"KG",1981,0.1877863
"KG",1982,
"KG",1983,
"KG",1984,0.1790334
"KG",1985,
"KG",1986,
"KG",1987,0.1906206
"KG",1988,
"KG",1989,
"KG",1990,0.2255631
"KG",1991,
"KG",1992,
"KG",1993,0.3956959
"KG",1994,
"KG",1995,
"KG",1996,0.5502035
"KG",1997,
"KG",1998,
"KG",1999,0.5215743
"KG",2000,
"KG",2001,
"KG",2002,0.7189379
"KG",2003,
"KG",2004,
"KG",2005,0.5175839
"KG",2006,
"KG",2007,
"KG",2008,0.2502131
"KG",2009,
"KG",2010,0.2334375
"KG",2011,0.2140331
"KG",2012,0.215492
"KG",2013,0.2625279
"KG",2014,
"KG",2015,0.2324759
"KG",2016,
"KG",2017,
"LV",1981,0
"LV",1982,
"LV",1983,
"LV",1984,0
"LV",1985,
"LV",1986,
"LV",1987,0
"LV",1988,
"LV",1989,
"LV",1990,0
"LV",1991,
"LV",1992,
"LV",1993,0.02850341
"LV",1994,
"LV",1995,
"LV",1996,0.07148781
"LV",1997,
"LV",1998,
"LV",1999,0.05945192
"LV",2000,
"LV",2001,
"LV",2002,0.03480157
"LV",2003,
"LV",2004,
"LV",2005,0.04989588
"LV",2006,
"LV",2007,
"LV",2008,0.007561118
"LV",2009,
"LV",2010,0.03746725
"LV",2011,0.02997274
"LV",2012,0.02749023
"LV",2013,0.02490941
"LV",2014,
"LV",2015,0.01499366
"LV",2016,
"LV",2017,
"LS",1981,0.7123256
"LS",1982,
"LS",1983,
"LS",1984,0.6965665
"LS",1985,
"LS",1986,
"LS",1987,0.6910408
"LS",1988,
"LS",1989,
"LS",1990,0.6626959
"LS",1991,
"LS",1992,
"LS",1993,0.6461806
"LS",1994,
"LS",1995,
"LS",1996,0.6660614
"LS",1997,
"LS",1998,
"LS",1999,0.7320409
"LS",2000,
"LS",2001,
"LS",2002,0.7903795
"LS",2003,
"LS",2004,
"LS",2005,0.7948241
"LS",2006,
"LS",2007,
"LS",2008,0.7861451
"LS",2009,
"LS",2010,0.7805321
"LS",2011,0.7673313
"LS",2012,0.7542925
"LS",2013,0.752361
"LS",2014,
"LS",2015,0.7425576
"LS",2016,
"LS",2017,
"LR",1981,0.1418878
"LR",1982,
"LR",1983,
"LR",1984,0.1896556
"LR",1985,
"LR",1986,
"LR",1987,0.2069401
"LR",1988,
"LR",1989,
"LR",1990,0.7996214
"LR",1991,
"LR",1992,
"LR",1993,0.9816127
"LR",1994,
"LR",1995,
"LR",1996,0.9927653
"LR",1997,
"LR",1998,
"LR",1999,0.8923259
"LR",2000,
"LR",2001,
"LR",2002,0.8155444
"LR",2003,
"LR",2004,
"LR",2005,0.9191563
"LR",2006,
"LR",2007,
"LR",2008,0.8896202
"LR",2009,
"LR",2010,0.8608543
"LR",2011,0.8183327
"LR",2012,0.7783763
"LR",2013,0.7414544
"LR",2014,
"LR",2015,0.7486932
"LR",2016,
"LR",2017,
"LT",1981,0.07405902
"LT",1982,
"LT",1983,
"LT",1984,0.05352939
"LT",1985,
"LT",1986,
"LT",1987,0.0571944
"LT",1988,
"LT",1989,
"LT",1990,0.07476602
"LT",1991,
"LT",1992,
"LT",1993,0.3075007
"LT",1994,
"LT",1995,
"LT",1996,0.04938113
"LT",1997,
"LT",1998,
"LT",1999,0.04141894
"LT",2000,
"LT",2001,
"LT",2002,0.04653257
"LT",2003,
"LT",2004,
"LT",2005,0.0447135
"LT",2006,
"LT",2007,
"LT",2008,0.01186823
"LT",2009,
"LT",2010,0.03166679
"LT",2011,0.01653604
"LT",2012,0.01991266
"LT",2013,0.01966026
"LT",2014,
"LT",2015,0.01498619
"LT",2016,
"LT",2017,
"LU",1981,0.00482433
"LU",1982,
"LU",1983,
"LU",1984,0.00482433
"LU",1985,
"LU",1986,
"LU",1987,0.002093593
"LU",1988,
"LU",1989,
"LU",1990,0.002093593
"LU",1991,
"LU",1992,
"LU",1993,0.002093593
"LU",1994,
"LU",1995,
"LU",1996,0.002093593
"LU",1997,
"LU",1998,
"LU",1999,0.002093593
"LU",2000,
"LU",2001,
"LU",2002,0.002093593
"LU",2003,
"LU",2004,
"LU",2005,0
"LU",2006,
"LU",2007,
"LU",2008,0
"LU",2009,
"LU",2010,0
"LU",2011,0
"LU",2012,0.001976907
"LU",2013,0.001340554
"LU",2014,
"LU",2015,0.004937382
"LU",2016,
"LU",2017,
"MG",1981,0.7697636
"MG",1982,
"MG",1983,
"MG",1984,0.8094028
"MG",1985,
"MG",1986,
"MG",1987,0.8313506
"MG",1988,
"MG",1989,
"MG",1990,0.8294239
"MG",1991,
"MG",1992,
"MG",1993,0.8782118
"MG",1994,
"MG",1995,
"MG",1996,0.874315
"MG",1997,
"MG",1998,
"MG",1999,0.861805
"MG",2000,
"MG",2001,
"MG",2002,0.8901581
"MG",2003,
"MG",2004,
"MG",2005,0.8921739
"MG",2006,
"MG",2007,
"MG",2008,0.8871693
"MG",2009,
"MG",2010,0.9133734
"MG",2011,0.9127472
"MG",2012,0.9099999
"MG",2013,0.9108355
"MG",2014,
"MG",2015,0.9093598
"MG",2016,
"MG",2017,
"MW",1981,0.8546902
"MW",1982,
"MW",1983,
"MW",1984,0.8473643
"MW",1985,
"MW",1986,
"MW",1987,0.8738051
"MW",1988,
"MW",1989,
"MW",1990,0.8832611
"MW",1991,
"MW",1992,
"MW",1993,0.8687425
"MW",1994,
"MW",1995,
"MW",1996,0.8489575
"MW",1997,
"MW",1998,
"MW",1999,0.8535364
"MW",2000,
"MW",2001,
"MW",2002,0.8988896
"MW",2003,
"MW",2004,
"MW",2005,0.9032203
"MW",2006,
"MW",2007,
"MW",2008,0.8943102
"MW",2009,
"MW",2010,0.8884455
"MW",2011,0.8845478
"MW",2012,0.8874578
"MW",2013,0.8825834
"MW",2014,
"MW",2015,0.8772647
"MW",2016,
"MW",2017,
"MY",1981,0.1441785
"MY",1982,
"MY",1983,
"MY",1984,0.128777
"MY",1985,
"MY",1986,
"MY",1987,0.1267707
"MY",1988,
"MY",1989,
"MY",1990,0.112037
"MY",1991,
"MY",1992,
"MY",1993,0.1184814
"MY",1994,
"MY",1995,
"MY",1996,0.08127028
"MY",1997,
"MY",1998,
"MY",1999,0.08891621
"MY",2000,
"MY",2001,
"MY",2002,0.04856165
"MY",2003,
"MY",2004,
"MY",2005,0.0305054
"MY",2006,
"MY",2007,
"MY",2008,0.03908481
"MY",2009,
"MY",2010,0.02509384
"MY",2011,0.01243409
"MY",2012,0.007405078
"MY",2013,0.003868747
"MY",2014,
"MY",2015,0.002616616
"MY",2016,
"MY",2017,
"ML",1981,0.9476806
"ML",1982,
"ML",1983,
"ML",1984,0.958013
"ML",1985,
"ML",1986,
"ML",1987,0.9438555
"ML",1988,
"ML",1989,
"ML",1990,0.9395648
"ML",1991,
"ML",1992,
"ML",1993,0.9353896
"ML",1994,
"ML",1995,
"ML",1996,0.9300226
"ML",1997,
"ML",1998,
"ML",1999,0.8800143
"ML",2000,
"ML",2001,
"ML",2002,0.8078045
"ML",2003,
"ML",2004,
"ML",2005,0.7801131
"ML",2006,
"ML",2007,
"ML",2008,0.7896863
"ML",2009,
"ML",2010,0.7926918
"ML",2011,0.7920568
"ML",2012,0.8069035
"ML",2013,0.8092719
"ML",2014,
"ML",2015,0.7826729
"ML",2016,
"ML",2017,
"MT",1981,0.009728565
"MT",1982,
"MT",1983,
"MT",1984,0.009728565
"MT",1985,
"MT",1986,
"MT",1987,0.009728565
"MT",1988,
"MT",1989,
"MT",1990,0.00705562
"MT",1991,
"MT",1992,
"MT",1993,0.00705562
"MT",1994,
"MT",1995,
"MT",1996,0.00705562
"MT",1997,
"MT",1998,
"MT",1999,0.00705562
"MT",2000,
"MT",2001,
"MT",2002,0.00705562
"MT",2003,
"MT",2004,
"MT",2005,0.00705562
"MT",2006,
"MT",2007,
"MT",2008,0.002399151
"MT",2009,
"MT",2010,0.002201824
"MT",2011,0.002369812
"MT",2012,0.002468043
"MT",2013,0
"MT",2014,
"MT",2015,0.002314894
"MT",2016,
"MT",2017,
"MR",1981,0.6149126
"MR",1982,
"MR",1983,
"MR",1984,0.6671855
"MR",1985,
"MR",1986,
"MR",1987,0.6573647
"MR",1988,
"MR",1989,
"MR",1990,0.688665
"MR",1991,
"MR",1992,
"MR",1993,0.6966009
"MR",1994,
"MR",1995,
"MR",1996,0.4811611
"MR",1997,
"MR",1998,
"MR",1999,0.4532066
"MR",2000,
"MR",2001,
"MR",2002,0.4701281
"MR",2003,
"MR",2004,
"MR",2005,0.3996409
"MR",2006,
"MR",2007,
"MR",2008,0.3443725
"MR",2009,
"MR",2010,0.3365979
"MR",2011,0.3171608
"MR",2012,0.2936326
"MR",2013,0.264921
"MR",2014,
"MR",2015,0.2473181
"MR",2016,
"MR",2017,
"MU",1981,0.5672502
"MU",1982,
"MU",1983,
"MU",1984,0.5115444
"MU",1985,
"MU",1986,
"MU",1987,0.3555531
"MU",1988,
"MU",1989,
"MU",1990,0.2524208
"MU",1991,
"MU",1992,
"MU",1993,0.1809257
"MU",1994,
"MU",1995,
"MU",1996,0.1361324
"MU",1997,
"MU",1998,
"MU",1999,0.09701215
"MU",2000,
"MU",2001,
"MU",2002,0.06528876
"MU",2003,
"MU",2004,
"MU",2005,0.04734151
"MU",2006,
"MU",2007,
"MU",2008,0.03406882
"MU",2009,
"MU",2010,0.03368195
"MU",2011,0.03230837
"MU",2012,0.03155638
"MU",2013,0.02962414
"MU",2014,
"MU",2015,0.02379898
"MU",2016,
"MU",2017,
"MX",1981,0.1825118
"MX",1982,
"MX",1983,
"MX",1984,0.2246176
"MX",1985,
"MX",1986,
"MX",1987,0.2538565
"MX",1988,
"MX",1989,
"MX",1990,0.2133081
"MX",1991,
"MX",1992,
"MX",1993,0.2036885
"MX",1994,
"MX",1995,
"MX",1996,0.2845832
"MX",1997,
"MX",1998,
"MX",1999,0.2464178
"MX",2000,
"MX",2001,
"MX",2002,0.1977179
"MX",2003,
"MX",2004,
"MX",2005,0.1834117
"MX",2006,
"MX",2007,
"MX",2008,0.1378184
"MX",2009,
"MX",2010,0.140363
"MX",2011,0.1354763
"MX",2012,0.1309328
"MX",2013,0.1364878
"MX",2014,
"MX",2015,0.127132
"MX",2016,
"MX",2017,
"MN",1981,0.3963877
"MN",1982,
"MN",1983,
"MN",1984,0.3265299
"MN",1985,
"MN",1986,
"MN",1987,0.2747588
"MN",1988,
"MN",1989,
"MN",1990,0.2815649
"MN",1991,
"MN",1992,
"MN",1993,0.4308092
"MN",1994,
"MN",1995,
"MN",1996,0.4763765
"MN",1997,
"MN",1998,
"MN",1999,0.5319111
"MN",2000,
"MN",2001,
"MN",2002,0.3554205
"MN",2003,
"MN",2004,
"MN",2005,0.2204582
"MN",2006,
"MN",2007,
"MN",2008,0.1187938
"MN",2009,
"MN",2010,0.09790081
"MN",2011,0.07002114
"MN",2012,0.0453851
"MN",2013,0.03587045
"MN",2014,
"MN",2015,0.03166787
"MN",2016,
"MN",2017,
"MA",1981,0.4054472
"MA",1982,
"MA",1983,
"MA",1984,0.3328133
"MA",1985,
"MA",1986,
"MA",1987,0.2760393
"MA",1988,
"MA",1989,
"MA",1990,0.2242715
"MA",1991,
"MA",1992,
"MA",1993,0.2454136
"MA",1994,
"MA",1995,
"MA",1996,0.2296808
"MA",1997,
"MA",1998,
"MA",1999,0.2809566
"MA",2000,
"MA",2001,
"MA",2002,0.2624998
"MA",2003,
"MA",2004,
"MA",2005,0.2045356
"MA",2006,
"MA",2007,
"MA",2008,0.1335645
"MA",2009,
"MA",2010,0.1113655
"MA",2011,0.09591423
"MA",2012,0.0853652
"MA",2013,0.08022486
"MA",2014,
"MA",2015,0.07268446
"MA",2016,
"MA",2017,
"MZ",1981,0.9236635
"MZ",1982,
"MZ",1983,
"MZ",1984,0.9592246
"MZ",1985,
"MZ",1986,
"MZ",1987,0.9506829
"MZ",1988,
"MZ",1989,
"MZ",1990,0.9373615
"MZ",1991,
"MZ",1992,
"MZ",1993,0.9399658
"MZ",1994,
"MZ",1995,
"MZ",1996,0.914249
"MZ",1997,
"MZ",1998,
"MZ",1999,0.9145627
"MZ",2000,
"MZ",2001,
"MZ",2002,0.9191145
"MZ",2003,
"MZ",2004,
"MZ",2005,0.905512
"MZ",2006,
"MZ",2007,
"MZ",2008,0.8886095
"MZ",2009,
"MZ",2010,0.8677146
"MZ",2011,0.8551947
"MZ",2012,0.8425724
"MZ",2013,0.8319381
"MZ",2014,
"MZ",2015,0.8131746
"MZ",2016,
"MZ",2017,
"MM",1981,0.9844886
"MM",1982,
"MM",1983,
"MM",1984,0.980406
"MM",1985,
"MM",1986,
"MM",1987,0.9844886
"MM",1988,
"MM",1989,
"MM",1990,0.9885016
"MM",1991,
"MM",1992,
"MM",1993,0.9844886
"MM",1994,
"MM",1995,
"MM",1996,0.977808
"MM",1997,
"MM",1998,
"MM",1999,0.9640619
"MM",2000,
"MM",2001,
"MM",2002,0.9222716
"MM",2003,
"MM",2004,
"MM",2005,0.8086407
"MM",2006,
"MM",2007,
"MM",2008,0.6382785
"MM",2009,
"MM",2010,0.5229704
"MM",2011,0.4912074
"MM",2012,0.4441138
"MM",2013,0.3869913
"MM",2014,
"MM",2015,0.2983686
"MM",2016,
"MM",2017,
"NA",1981,0.6042585
"NA",1982,
"NA",1983,
"NA",1984,0.6293704
"NA",1985,
"NA",1986,
"NA",1987,0.6366073
"NA",1988,
"NA",1989,
"NA",1990,0.6566083
"NA",1991,
"NA",1992,
"NA",1993,0.6481459
"NA",1994,
"NA",1995,
"NA",1996,0.6488791
"NA",1997,
"NA",1998,
"NA",1999,0.6144248
"NA",2000,
"NA",2001,
"NA",2002,0.6029092
"NA",2003,
"NA",2004,
"NA",2005,0.5398126
"NA",2006,
"NA",2007,
"NA",2008,0.4832868
"NA",2009,
"NA",2010,0.450749
"NA",2011,0.4144953
"NA",2012,0.3843904
"NA",2013,0.3536684
"NA",2014,
"NA",2015,0.2982936
"NA",2016,
"NA",2017,
"NP",1981,0.9427016
"NP",1982,
"NP",1983,
"NP",1984,0.9378809
"NP",1985,
"NP",1986,
"NP",1987,0.9280945
"NP",1988,
"NP",1989,
"NP",1990,0.90218
"NP",1991,
"NP",1992,
"NP",1993,0.8911651
"NP",1994,
"NP",1995,
"NP",1996,0.855041
"NP",1997,
"NP",1998,
"NP",1999,0.8180633
"NP",2000,
"NP",2001,
"NP",2002,0.7587262
"NP",2003,
"NP",2004,
"NP",2005,0.7132179
"NP",2006,
"NP",2007,
"NP",2008,0.6275193
"NP",2009,
"NP",2010,0.5112336
"NP",2011,0.5140324
"NP",2012,0.4125769
"NP",2013,0.4040283
"NP",2014,
"NP",2015,0.3741128
"NP",2016,
"NP",2017,
"NL",1981,0.007357484
"NL",1982,
"NL",1983,
"NL",1984,0.007357484
"NL",1985,
"NL",1986,
"NL",1987,0.004749113
"NL",1988,
"NL",1989,
"NL",1990,0.004749113
"NL",1991,
"NL",1992,
"NL",1993,0.004749113
"NL",1994,
"NL",1995,
"NL",1996,0.004749113
"NL",1997,
"NL",1998,
"NL",1999,0.004749113
"NL",2000,
"NL",2001,
"NL",2002,0.004749113
"NL",2003,
"NL",2004,
"NL",2005,0.00247796
"NL",2006,
"NL",2007,
"NL",2008,0.002488934
"NL",2009,
"NL",2010,0
"NL",2011,0.002429947
"NL",2012,0
"NL",2013,0.002448168
"NL",2014,
"NL",2015,0.001954676
"NL",2016,
"NL",2017,
"NI",1981,0.2370277
"NI",1982,
"NI",1983,
"NI",1984,0.2599559
"NI",1985,
"NI",1986,
"NI",1987,0.3093249
"NI",1988,
"NI",1989,
"NI",1990,0.4056212
"NI",1991,
"NI",1992,
"NI",1993,0.4352902
"NI",1994,
"NI",1995,
"NI",1996,0.4222361
"NI",1997,
"NI",1998,
"NI",1999,0.4066458
"NI",2000,
"NI",2001,
"NI",2002,0.4125115
"NI",2003,
"NI",2004,
"NI",2005,0.4122878
"NI",2006,
"NI",2007,
"NI",2008,0.2290123
"NI",2009,
"NI",2010,0.2055763
"NI",2011,0.1973152
"NI",2012,0.1699641
"NI",2013,0.1480085
"NI",2014,
"NI",2015,0.1148062
"NI",2016,
"NI",2017,
"NE",1981,0.8366084
"NE",1982,
"NE",1983,
"NE",1984,0.9217516
"NE",1985,
"NE",1986,
"NE",1987,0.911365
"NE",1988,
"NE",1989,
"NE",1990,0.9170093
"NE",1991,
"NE",1992,
"NE",1993,0.9391256
"NE",1994,
"NE",1995,
"NE",1996,0.9339915
"NE",1997,
"NE",1998,
"NE",1999,0.9207352
"NE",2000,
"NE",2001,
"NE",2002,0.9145683
"NE",2003,
"NE",2004,
"NE",2005,0.9071779
"NE",2006,
"NE",2007,
"NE",2008,0.8859667
"NE",2009,
"NE",2010,0.8475229
"NE",2011,0.8334479
"NE",2012,0.7979436
"NE",2013,0.7860092
"NE",2014,
"NE",2015,0.7693791
"NE",2016,
"NE",2017,
"NG",1981,0.7290267
"NG",1982,
"NG",1983,
"NG",1984,0.7954775
"NG",1985,
"NG",1986,
"NG",1987,0.8509329
"NG",1988,
"NG",1989,
"NG",1990,0.774351
"NG",1991,
"NG",1992,
"NG",1993,0.7844243
"NG",1994,
"NG",1995,
"NG",1996,0.8197923
"NG",1997,
"NG",1998,
"NG",1999,0.8512392
"NG",2000,
"NG",2001,
"NG",2002,0.8649452
"NG",2003,
"NG",2004,
"NG",2005,0.791949
"NG",2006,
"NG",2007,
"NG",2008,0.7817922
"NG",2009,
"NG",2010,0.7730019
"NG",2011,0.7655524
"NG",2012,0.7597601
"NG",2013,0.7500273
"NG",2014,
"NG",2015,0.7352377
"NG",2016,
"NG",2017,
"NO",1981,0.002321372
"NO",1982,
"NO",1983,
"NO",1984,0.002321372
"NO",1985,
"NO",1986,
"NO",1987,0.002321372
"NO",1988,
"NO",1989,
"NO",1990,0.002321372
"NO",1991,
"NO",1992,
"NO",1993,0.002321372
"NO",1994,
"NO",1995,
"NO",1996,0.002321372
"NO",1997,
"NO",1998,
"NO",1999,0.002321372
"NO",2000,
"NO",2001,
"NO",2002,0.002321372
"NO",2003,
"NO",2004,
"NO",2005,0.002120723
"NO",2006,
"NO",2007,
"NO",2008,0.00240151
"NO",2009,
"NO",2010,0.00245795
"NO",2011,0.002390952
"NO",2012,0.002485523
"NO",2013,0.00246163
"NO",2014,
"NO",2015,0.002383791
"NO",2016,
"NO",2017,
"PK",1981,0.9112762
"PK",1982,
"PK",1983,
"PK",1984,0.8938149
"PK",1985,
"PK",1986,
"PK",1987,0.8788167
"PK",1988,
"PK",1989,
"PK",1990,0.8601899
"PK",1991,
"PK",1992,
"PK",1993,0.7965887
"PK",1994,
"PK",1995,
"PK",1996,0.6460752
"PK",1997,
"PK",1998,
"PK",1999,0.6526664
"PK",2000,
"PK",2001,
"PK",2002,0.7173998
"PK",2003,
"PK",2004,
"PK",2005,0.5819193
"PK",2006,
"PK",2007,
"PK",2008,0.5341226
"PK",2009,
"PK",2010,0.4996781
"PK",2011,0.471519
"PK",2012,0.4348761
"PK",2013,0.4283851
"PK",2014,
"PK",2015,0.3819825
"PK",2016,
"PK",2017,
"PA",1981,0.2035018
"PA",1982,
"PA",1983,
"PA",1984,0.2582881
"PA",1985,
"PA",1986,
"PA",1987,0.3190852
"PA",1988,
"PA",1989,
"PA",1990,0.3696143
"PA",1991,
"PA",1992,
"PA",1993,0.2568867
"PA",1994,
"PA",1995,
"PA",1996,0.2492373
"PA",1997,
"PA",1998,
"PA",1999,0.2123598
"PA",2000,
"PA",2001,
"PA",2002,0.2163524
"PA",2003,
"PA",2004,
"PA",2005,0.1877578
"PA",2006,
"PA",2007,
"PA",2008,0.1392077
"PA",2009,
"PA",2010,0.1080225
"PA",2011,0.08660301
"PA",2012,0.1003617
"PA",2013,0.08103171
"PA",2014,
"PA",2015,0.06726818
"PA",2016,
"PA",2017,
"PG",1981,0.7760245
"PG",1982,
"PG",1983,
"PG",1984,0.7862396
"PG",1985,
"PG",1986,
"PG",1987,0.7797871
"PG",1988,
"PG",1989,
"PG",1990,0.803602
"PG",1991,
"PG",1992,
"PG",1993,0.7141523
"PG",1994,
"PG",1995,
"PG",1996,0.708185
"PG",1997,
"PG",1998,
"PG",1999,0.7298202
"PG",2000,
"PG",2001,
"PG",2002,0.760971
"PG",2003,
"PG",2004,
"PG",2005,0.737973
"PG",2006,
"PG",2007,
"PG",2008,0.7030812
"PG",2009,
"PG",2010,0.6447688
"PG",2011,0.650547
"PG",2012,0.636314
"PG",2013,0.6278533
"PG",2014,
"PG",2015,0.5394002
"PG",2016,
"PG",2017,
"PY",1981,0.056638
"PY",1982,
"PY",1983,
"PY",1984,0.07999252
"PY",1985,
"PY",1986,
"PY",1987,0.06609948
"PY",1988,
"PY",1989,
"PY",1990,0.04663426
"PY",1991,
"PY",1992,
"PY",1993,0.1684067
"PY",1994,
"PY",1995,
"PY",1996,0.2190863
"PY",1997,
"PY",1998,
"PY",1999,0.2011754
"PY",2000,
"PY",2001,
"PY",2002,0.2696724
"PY",2003,
"PY",2004,
"PY",2005,0.1472017
"PY",2006,
"PY",2007,
"PY",2008,0.13968
"PY",2009,
"PY",2010,0.1332314
"PY",2011,0.1271095
"PY",2012,0.09920568
"PY",2013,0.06723847
"PY",2014,
"PY",2015,0.06923802
"PY",2016,
"PY",2017,
"PE",1981,0.07595878
"PE",1982,
"PE",1983,
"PE",1984,0.1020347
"PE",1985,
"PE",1986,
"PE",1987,0.09289575
"PE",1988,
"PE",1989,
"PE",1990,0.2538942
"PE",1991,
"PE",1992,
"PE",1993,0.325548
"PE",1994,
"PE",1995,
"PE",1996,0.3359856
"PE",1997,
"PE",1998,
"PE",1999,0.3276546
"PE",2000,
"PE",2001,
"PE",2002,0.295866
"PE",2003,
"PE",2004,
"PE",2005,0.3093617
"PE",2006,
"PE",2007,
"PE",2008,0.1951213
"PE",2009,
"PE",2010,0.1482124
"PE",2011,0.1328592
"PE",2012,0.1234962
"PE",2013,0.1136254
"PE",2014,
"PE",2015,0.1035499
"PE",2016,
"PE",2017,
"PH",1981,0.5313264
"PH",1982,
"PH",1983,
"PH",1984,0.554015
"PH",1985,
"PH",1986,
"PH",1987,0.5696137
"PH",1988,
"PH",1989,
"PH",1990,0.5322181
"PH",1991,
"PH",1992,
"PH",1993,0.5256095
"PH",1994,
"PH",1995,
"PH",1996,0.4692099
"PH",1997,
"PH",1998,
"PH",1999,0.4375167
"PH",2000,
"PH",2001,
"PH",2002,0.4115733
"PH",2003,
"PH",2004,
"PH",2005,0.4103687
"PH",2006,
"PH",2007,
"PH",2008,0.3818212
"PH",2009,
"PH",2010,0.3874023
"PH",2011,0.390887
"PH",2012,0.3873331
"PH",2013,0.3709599
"PH",2014,
"PH",2015,0.3367792
"PH",2016,
"PH",2017,
"PL",1981,0.003957639
"PL",1982,
"PL",1983,
"PL",1984,0.005095566
"PL",1985,
"PL",1986,
"PL",1987,0.003458931
"PL",1988,
"PL",1989,
"PL",1990,0.01359286
"PL",1991,
"PL",1992,
"PL",1993,0.03162518
"PL",1994,
"PL",1995,
"PL",1996,0.2013384
"PL",1997,
"PL",1998,
"PL",1999,0.00982228
"PL",2000,
"PL",2001,
"PL",2002,0.01591412
"PL",2003,
"PL",2004,
"PL",2005,0.01570252
"PL",2006,
"PL",2007,
"PL",2008,0.004184021
"PL",2009,
"PL",2010,0.003778034
"PL",2011,0.004012707
"PL",2012,0.003316798
"PL",2013,0.003274224
"PL",2014,
"PL",2015,0.002345223
"PL",2016,
"PL",2017,
"PT",1981,0.03234436
"PT",1982,
"PT",1983,
"PT",1984,0.03481608
"PT",1985,
"PT",1986,
"PT",1987,0.02728681
"PT",1988,
"PT",1989,
"PT",1990,0.02227715
"PT",1991,
"PT",1992,
"PT",1993,0.01989715
"PT",1994,
"PT",1995,
"PT",1996,0.01720146
"PT",1997,
"PT",1998,
"PT",1999,0.0148517
"PT",2000,
"PT",2001,
"PT",2002,0.0148517
"PT",2003,
"PT",2004,
"PT",2005,0.009955258
"PT",2006,
"PT",2007,
"PT",2008,0.009545419
"PT",2009,
"PT",2010,0.004896412
"PT",2011,0.009498413
"PT",2012,0.01479525
"PT",2013,0.0174846
"PT",2014,
"PT",2015,0.01232158
"PT",2016,
"PT",2017,
"RO",1981,0.005364262
"RO",1982,
"RO",1983,
"RO",1984,0.006255389
"RO",1985,
"RO",1986,
"RO",1987,0.007101318
"RO",1988,
"RO",1989,
"RO",1990,0.009497333
"RO",1991,
"RO",1992,
"RO",1993,0.2402043
"RO",1994,
"RO",1995,
"RO",1996,0.3251912
"RO",1997,
"RO",1998,
"RO",1999,0.2855585
"RO",2000,
"RO",2001,
"RO",2002,0.2397243
"RO",2003,
"RO",2004,
"RO",2005,0.1306867
"RO",2006,
"RO",2007,
"RO",2008,0.05585321
"RO",2009,
"RO",2010,0.05302631
"RO",2011,0.05042033
"RO",2012,0.04567323
"RO",2013,0.04519699
"RO",2014,
"RO",2015,0.1323744
"RO",2016,
"RO",2017,
"RU",1981,0.0955579
"RU",1982,
"RU",1983,
"RU",1984,0.08131526
"RU",1985,
"RU",1986,
"RU",1987,0.08248603
"RU",1988,
"RU",1989,
"RU",1990,0.09402714
"RU",1991,
"RU",1992,
"RU",1993,0.1077853
"RU",1994,
"RU",1995,
"RU",1996,0.1134462
"RU",1997,
"RU",1998,
"RU",1999,0.1328773
"RU",2000,
"RU",2001,
"RU",2002,0.04716182
"RU",2003,
"RU",2004,
"RU",2005,0.03214589
"RU",2006,
"RU",2007,
"RU",2008,0.005283726
"RU",2009,
"RU",2010,0.005021877
"RU",2011,0.003180158
"RU",2012,0.003046269
"RU",2013,0.002946972
"RU",2014,
"RU",2015,0.002648606
"RU",2016,
"RU",2017,
"RW",1981,0.8677019
"RW",1982,
"RW",1983,
"RW",1984,0.8896525
"RW",1985,
"RW",1986,
"RW",1987,0.894249
"RW",1988,
"RW",1989,
"RW",1990,0.8991982
"RW",1991,
"RW",1992,
"RW",1993,0.8849948
"RW",1994,
"RW",1995,
"RW",1996,0.919596
"RW",1997,
"RW",1998,
"RW",1999,0.9087342
"RW",2000,
"RW",2001,
"RW",2002,0.8789079
"RW",2003,
"RW",2004,
"RW",2005,0.8552095
"RW",2006,
"RW",2007,
"RW",2008,0.8394243
"RW",2009,
"RW",2010,0.8373391
"RW",2011,0.8349233
"RW",2012,0.8232632
"RW",2013,0.8174656
"RW",2014,
"RW",2015,0.7826091
"RW",2016,
"RW",2017,
"WS",1981,0.3460966
"WS",1982,
"WS",1983,
"WS",1984,0.3440639
"WS",1985,
"WS",1986,
"WS",1987,0.2950513
"WS",1988,
"WS",1989,
"WS",1990,0.3138221
"WS",1991,
"WS",1992,
"WS",1993,0.3188173
"WS",1994,
"WS",1995,
"WS",1996,0.2753765
"WS",1997,
"WS",1998,
"WS",1999,0.2523108
"WS",2000,
"WS",2001,
"WS",2002,0.1685819
"WS",2003,
"WS",2004,
"WS",2005,0.1204864
"WS",2006,
"WS",2007,
"WS",2008,0.09677774
"WS",2009,
"WS",2010,0.1164729
"WS",2011,0.100937
"WS",2012,0.1014694
"WS",2013,0.1081325
"WS",2014,
"WS",2015,0.1048143
"WS",2016,
"WS",2017,
"SN",1981,0.8266518
"SN",1982,
"SN",1983,
"SN",1984,0.8348402
"SN",1985,
"SN",1986,
"SN",1987,0.8270955
"SN",1988,
"SN",1989,
"SN",1990,0.8434571
"SN",1991,
"SN",1992,
"SN",1993,0.837062
"SN",1994,
"SN",1995,
"SN",1996,0.8260907
"SN",1997,
"SN",1998,
"SN",1999,0.7841045
"SN",2000,
"SN",2001,
"SN",2002,0.7644558
"SN",2003,
"SN",2004,
"SN",2005,0.6870382
"SN",2006,
"SN",2007,
"SN",2008,0.6693992
"SN",2009,
"SN",2010,0.6683858
"SN",2011,0.6758428
"SN",2012,0.6700591
"SN",2013,0.6689134
"SN",2014,
"SN",2015,0.649668
"SN",2016,
"SN",2017,
"SC",1981,0.09372174
"SC",1982,
"SC",1983,
"SC",1984,0.09372174
"SC",1985,
"SC",1986,
"SC",1987,0.07612993
"SC",1988,
"SC",1989,
"SC",1990,0.04337286
"SC",1991,
"SC",1992,
"SC",1993,0.03488031
"SC",1994,
"SC",1995,
"SC",1996,0.03700345
"SC",1997,
"SC",1998,
"SC",1999,0.02547775
"SC",2000,
"SC",2001,
"SC",2002,0.02937173
"SC",2003,
"SC",2004,
"SC",2005,0.02854522
"SC",2006,
"SC",2007,
"SC",2008,0.01351861
"SC",2009,
"SC",2010,0.03739837
"SC",2011,0.03320998
"SC",2012,0.02907551
"SC",2013,0.02456453
"SC",2014,
"SC",2015,0.02456453
"SC",2016,
"SC",2017,
"SL",1981,0.7639949
"SL",1982,
"SL",1983,
"SL",1984,0.7654778
"SL",1985,
"SL",1986,
"SL",1987,0.7810559
"SL",1988,
"SL",1989,
"SL",1990,0.8062786
"SL",1991,
"SL",1992,
"SL",1993,0.844659
"SL",1994,
"SL",1995,
"SL",1996,0.8616691
"SL",1997,
"SL",1998,
"SL",1999,0.8811148
"SL",2000,
"SL",2001,
"SL",2002,0.8487614
"SL",2003,
"SL",2004,
"SL",2005,0.8347663
"SL",2006,
"SL",2007,
"SL",2008,0.8236103
"SL",2009,
"SL",2010,0.8163206
"SL",2011,0.8127916
"SL",2012,0.7584949
"SL",2013,0.678408
"SL",2014,
"SL",2015,0.7886546
"SL",2016,
"SL",2017,
"SK",1981,0.01969836
"SK",1982,
"SK",1983,
"SK",1984,0.01958943
"SK",1985,
"SK",1986,
"SK",1987,0.01796345
"SK",1988,
"SK",1989,
"SK",1990,0.01572148
"SK",1991,
"SK",1992,
"SK",1993,0.02775123
"SK",1994,
"SK",1995,
"SK",1996,0.02087389
"SK",1997,
"SK",1998,
"SK",1999,0.01528001
"SK",2000,
"SK",2001,
"SK",2002,0.01020224
"SK",2003,
"SK",2004,
"SK",2005,0.003589781
"SK",2006,
"SK",2007,
"SK",2008,0.001127864
"SK",2009,
"SK",2010,0.009924715
"SK",2011,0.007458231
"SK",2012,0.007447814
"SK",2013,0.007268617
"SK",2014,
"SK",2015,0.009985425
"SK",2016,
"SK",2017,
"ZA",1981,0.4056973
"ZA",1982,
"ZA",1983,
"ZA",1984,0.4231555
"ZA",1985,
"ZA",1986,
"ZA",1987,0.4438664
"ZA",1988,
"ZA",1989,
"ZA",1990,0.4451969
"ZA",1991,
"ZA",1992,
"ZA",1993,0.4776469
"ZA",1994,
"ZA",1995,
"ZA",1996,0.5387567
"ZA",1997,
"ZA",1998,
"ZA",1999,0.5286769
"ZA",2000,
"ZA",2001,
"ZA",2002,0.5083207
"ZA",2003,
"ZA",2004,
"ZA",2005,0.4786345
"ZA",2006,
"ZA",2007,
"ZA",2008,0.3767815
"ZA",2009,
"ZA",2010,0.357995
"ZA",2011,0.3573325
"ZA",2012,0.3612928
"ZA",2013,0.363909
"ZA",2014,
"ZA",2015,0.3759111
"ZA",2016,
"ZA",2017,
"ES",1981,0.01744786
"ES",1982,
"ES",1983,
"ES",1984,0.01744786
"ES",1985,
"ES",1986,
"ES",1987,0.01744786
"ES",1988,
"ES",1989,
"ES",1990,0.01497085
"ES",1991,
"ES",1992,
"ES",1993,0.0124674
"ES",1994,
"ES",1995,
"ES",1996,0.0124674
"ES",1997,
"ES",1998,
"ES",1999,0.0124674
"ES",2000,
"ES",2001,
"ES",2002,0.0124674
"ES",2003,
"ES",2004,
"ES",2005,0.009911053
"ES",2006,
"ES",2007,
"ES",2008,0.00994743
"ES",2009,
"ES",2010,0.009980404
"ES",2011,0.01736247
"ES",2012,0.01492648
"ES",2013,0.01744967
"ES",2014,
"ES",2015,0.01493453
"ES",2016,
"ES",2017,
"LK",1981,0.5969971
"LK",1982,
"LK",1983,
"LK",1984,0.4930906
"LK",1985,
"LK",1986,
"LK",1987,0.4480944
"LK",1988,
"LK",1989,
"LK",1990,0.4553826
"LK",1991,
"LK",1992,
"LK",1993,0.4157509
"LK",1994,
"LK",1995,
"LK",1996,0.4296239
"LK",1997,
"LK",1998,
"LK",1999,0.3650424
"LK",2000,
"LK",2001,
"LK",2002,0.3600158
"LK",2003,
"LK",2004,
"LK",2005,0.2803821
"LK",2006,
"LK",2007,
"LK",2008,0.1987007
"LK",2009,
"LK",2010,0.1764842
"LK",2011,0.1590714
"LK",2012,0.1649217
"LK",2013,0.1414222
"LK",2014,
"LK",2015,0.09647117
"LK",2016,
"LK",2017,
"LC",1981,0.8785083
"LC",1982,
"LC",1983,
"LC",1984,0.8511649
"LC",1985,
"LC",1986,
"LC",1987,0.7759119
"LC",1988,
"LC",1989,
"LC",1990,0.6630048
"LC",1991,
"LC",1992,
"LC",1993,0.6391488
"LC",1994,
"LC",1995,
"LC",1996,0.6264476
"LC",1997,
"LC",1998,
"LC",1999,0.6054322
"LC",2000,
"LC",2001,
"LC",2002,0.6409787
"LC",2003,
"LC",2004,
"LC",2005,0.5926789
"LC",2006,
"LC",2007,
"LC",2008,0.5361729
"LC",2009,
"LC",2010,0.5506566
"LC",2011,0.5362382
"LC",2012,0.543033
"LC",2013,0.5446947
"LC",2014,
"LC",2015,0.5434488
"LC",2016,
"LC",2017,
"SD",1981,0.7417036
"SD",1982,
"SD",1983,
"SD",1984,0.7778201
"SD",1985,
"SD",1986,
"SD",1987,0.7613747
"SD",1988,
"SD",1989,
"SD",1990,0.7868119
"SD",1991,
"SD",1992,
"SD",1993,0.735787
"SD",1994,
"SD",1995,
"SD",1996,0.7109709
"SD",1997,
"SD",1998,
"SD",1999,0.6617827
"SD",2000,
"SD",2001,
"SD",2002,0.6020006
"SD",2003,
"SD",2004,
"SD",2005,0.5377204
"SD",2006,
"SD",2007,
"SD",2008,0.409403
"SD",2009,
"SD",2010,0.4006855
"SD",2011,0.3553557
"SD",2012,0.2898564
"SD",2013,0.2781071
"SD",2014,
"SD",2015,0.2652228
"SD",2016,
"SD",2017,
"SR",1981,0.307525
"SR",1982,
"SR",1983,
"SR",1984,0.3381905
"SR",1985,
"SR",1986,
"SR",1987,0.4280122
"SR",1988,
"SR",1989,
"SR",1990,0.4005002
"SR",1991,
"SR",1992,
"SR",1993,0.4280122
"SR",1994,
"SR",1995,
"SR",1996,0.4280122
"SR",1997,
"SR",1998,
"SR",1999,0.4280122
"SR",2000,
"SR",2001,
"SR",2002,0.4005002
"SR",2003,
"SR",2004,
"SR",2005,0.3381905
"SR",2006,
"SR",2007,
"SR",2008,0.3048064
"SR",2009,
"SR",2010,0.2964332
"SR",2011,0.2964332
"SR",2012,0.2925185
"SR",2013,0.2663114
"SR",2014,
"SR",2015,0.2964332
"SR",2016,
"SR",2017,
"SE",1981,0.007463783
"SE",1982,
"SE",1983,
"SE",1984,0.007463783
"SE",1985,
"SE",1986,
"SE",1987,0.004834672
"SE",1988,
"SE",1989,
"SE",1990,0.004834672
"SE",1991,
"SE",1992,
"SE",1993,0.007463783
"SE",1994,
"SE",1995,
"SE",1996,0.004834672
"SE",1997,
"SE",1998,
"SE",1999,0.004834672
"SE",2000,
"SE",2001,
"SE",2002,0.004834672
"SE",2003,
"SE",2004,
"SE",2005,0.01240925
"SE",2006,
"SE",2007,
"SE",2008,0.007490871
"SE",2009,
"SE",2010,0.007269441
"SE",2011,0.007439115
"SE",2012,0.004747488
"SE",2013,0.007342411
"SE",2014,
"SE",2015,0.007019758
"SE",2016,
"SE",2017,
"CH",1981,0.002404439
"CH",1982,
"CH",1983,
"CH",1984,0.002404439
"CH",1985,
"CH",1986,
"CH",1987,0.002404439
"CH",1988,
"CH",1989,
"CH",1990,0.002404439
"CH",1991,
"CH",1992,
"CH",1993,0.002404439
"CH",1994,
"CH",1995,
"CH",1996,0.002404439
"CH",1997,
"CH",1998,
"CH",1999,0.002404439
"CH",2000,
"CH",2001,
"CH",2002,0.002404439
"CH",2003,
"CH",2004,
"CH",2005,0.002404439
"CH",2006,
"CH",2007,
"CH",2008,0.002294417
"CH",2009,
"CH",2010,0.002267963
"CH",2011,0
"CH",2012,0
"CH",2013,0
"CH",2014,
"CH",2015,0
"CH",2016,
"CH",2017,
"SY",1981,0.2406525
"SY",1982,
"SY",1983,
"SY",1984,0.3112885
"SY",1985,
"SY",1986,
"SY",1987,0.3589645
"SY",1988,
"SY",1989,
"SY",1990,0.3484897
"SY",1991,
"SY",1992,
"SY",1993,0.2422423
"SY",1994,
"SY",1995,
"SY",1996,0.1871381
"SY",1997,
"SY",1998,
"SY",1999,0.2093669
"SY",2000,
"SY",2001,
"SY",2002,0.1685293
"SY",2003,
"SY",2004,
"SY",2005,0.1386167
"SY",2006,
"SY",2007,
"SY",2008,0.1064504
"SY",2009,
"SY",2010,0.07588044
"SY",2011,0.0961177
"SY",2012,0.2017325
"SY",2013,0.3226622
"SY",2014,
"SY",2015,0.5654911
"SY",2016,
"SY",2017,
"TZ",1981,0.8863184
"TZ",1982,
"TZ",1983,
"TZ",1984,0.882645
"TZ",1985,
"TZ",1986,
"TZ",1987,0.8667963
"TZ",1988,
"TZ",1989,
"TZ",1990,0.9001625
"TZ",1991,
"TZ",1992,
"TZ",1993,0.9241182
"TZ",1994,
"TZ",1995,
"TZ",1996,0.9423234
"TZ",1997,
"TZ",1998,
"TZ",1999,0.9555761
"TZ",2000,
"TZ",2001,
"TZ",2002,0.9359782
"TZ",2003,
"TZ",2004,
"TZ",2005,0.8755604
"TZ",2006,
"TZ",2007,
"TZ",2008,0.8286499
"TZ",2009,
"TZ",2010,0.8124107
"TZ",2011,0.7961648
"TZ",2012,0.7888327
"TZ",2013,0.7718603
"TZ",2014,
"TZ",2015,0.7393534
"TZ",2016,
"TZ",2017,
"TH",1981,0.4314425
"TH",1982,
"TH",1983,
"TH",1984,0.4203521
"TH",1985,
"TH",1986,
"TH",1987,0.4086466
"TH",1988,
"TH",1989,
"TH",1990,0.3623344
"TH",1991,
"TH",1992,
"TH",1993,0.2425292
"TH",1994,
"TH",1995,
"TH",1996,0.1524029
"TH",1997,
"TH",1998,
"TH",1999,0.1842167
"TH",2000,
"TH",2001,
"TH",2002,0.1210093
"TH",2003,
"TH",2004,
"TH",2005,0.07031313
"TH",2006,
"TH",2007,
"TH",2008,0.0343416
"TH",2009,
"TH",2010,0.0248377
"TH",2011,0.01356173
"TH",2012,0.01455885
"TH",2013,0.01096273
"TH",2014,
"TH",2015,0.004946349
"TH",2016,
"TH",2017,
"TL",1981,0.9552553
"TL",1982,
"TL",1983,
"TL",1984,0.940535
"TL",1985,
"TL",1986,
"TL",1987,0.9652052
"TL",1988,
"TL",1989,
"TL",1990,0.9636094
"TL",1991,
"TL",1992,
"TL",1993,0.9520339
"TL",1994,
"TL",1995,
"TL",1996,0.9497474
"TL",1997,
"TL",1998,
"TL",1999,0.940039
"TL",2000,
"TL",2001,
"TL",2002,0.7737368
"TL",2003,
"TL",2004,
"TL",2005,0.8176197
"TL",2006,
"TL",2007,
"TL",2008,0.8329869
"TL",2009,
"TL",2010,0.7576016
"TL",2011,0.765928
"TL",2012,0.7593721
"TL",2013,0.748623
"TL",2014,
"TL",2015,0.737276
"TL",2016,
"TL",2017,
"TG",1981,0.6674361
"TG",1982,
"TG",1983,
"TG",1984,0.7304317
"TG",1985,
"TG",1986,
"TG",1987,0.7424077
"TG",1988,
"TG",1989,
"TG",1990,0.7356334
"TG",1991,
"TG",1992,
"TG",1993,0.826882
"TG",1994,
"TG",1995,
"TG",1996,0.7586641
"TG",1997,
"TG",1998,
"TG",1999,0.7436965
"TG",2000,
"TG",2001,
"TG",2002,0.7824228
"TG",2003,
"TG",2004,
"TG",2005,0.7819883
"TG",2006,
"TG",2007,
"TG",2008,0.7757258
"TG",2009,
"TG",2010,0.7651999
"TG",2011,0.7542891
"TG",2012,0.7497836
"TG",2013,0.745594
"TG",2014,
"TG",2015,0.7318344
"TG",2016,
"TG",2017,
"TO",1981,0.2372956
"TO",1982,
"TO",1983,
"TO",1984,0.2062156
"TO",1985,
"TO",1986,
"TO",1987,0.1599081
"TO",1988,
"TO",1989,
"TO",1990,0.1800216
"TO",1991,
"TO",1992,
"TO",1993,0.1359617
"TO",1994,
"TO",1995,
"TO",1996,0.1132269
"TO",1997,
"TO",1998,
"TO",1999,0.09417056
"TO",2000,
"TO",2001,
"TO",2002,0.07892777
"TO",2003,
"TO",2004,
"TO",2005,0.08000989
"TO",2006,
"TO",2007,
"TO",2008,0.08968559
"TO",2009,
"TO",2010,0.08058708
"TO",2011,0.07690475
"TO",2012,0.07367114
"TO",2013,0.08413692
"TO",2014,
"TO",2015,0.0700404
"TO",2016,
"TO",2017,
"TT",1981,0.03574204
"TT",1982,
"TT",1983,
"TT",1984,0.06611582
"TT",1985,
"TT",1986,
"TT",1987,0.0789566
"TT",1988,
"TT",1989,
"TT",1990,0.1434249
"TT",1991,
"TT",1992,
"TT",1993,0.1146537
"TT",1994,
"TT",1995,
"TT",1996,0.1192817
"TT",1997,
"TT",1998,
"TT",1999,0.03714649
"TT",2000,
"TT",2001,
"TT",2002,0.01890455
"TT",2003,
"TT",2004,
"TT",2005,0.05894892
"TT",2006,
"TT",2007,
"TT",2008,0.02734193
"TT",2009,
"TT",2010,0.02890375
"TT",2011,0.02435907
"TT",2012,0.02161713
"TT",2013,0.03466041
"TT",2014,
"TT",2015,0.02814017
"TT",2016,
"TT",2017,
"TN",1981,0.3776667
"TN",1982,
"TN",1983,
"TN",1984,0.3589165
"TN",1985,
"TN",1986,
"TN",1987,0.3414979
"TN",1988,
"TN",1989,
"TN",1990,0.2888875
"TN",1991,
"TN",1992,
"TN",1993,0.2957041
"TN",1994,
"TN",1995,
"TN",1996,0.2868427
"TN",1997,
"TN",1998,
"TN",1999,0.2307046
"TN",2000,
"TN",2001,
"TN",2002,0.1875408
"TN",2003,
"TN",2004,
"TN",2005,0.1471719
"TN",2006,
"TN",2007,
"TN",2008,0.1151172
"TN",2009,
"TN",2010,0.09571771
"TN",2011,0.08063343
"TN",2012,0.06636691
"TN",2013,0.05648277
"TN",2014,
"TN",2015,0.05445077
"TN",2016,
"TN",2017,
"TR",1981,0.2415367
"TR",1982,
"TR",1983,
"TR",1984,0.1811786
"TR",1985,
"TR",1986,
"TR",1987,0.1089811
"TR",1988,
"TR",1989,
"TR",1990,0.1077981
"TR",1991,
"TR",1992,
"TR",1993,0.1032964
"TR",1994,
"TR",1995,
"TR",1996,0.1085756
"TR",1997,
"TR",1998,
"TR",1999,0.09567141
"TR",2000,
"TR",2001,
"TR",2002,0.1073634
"TR",2003,
"TR",2004,
"TR",2005,0.09951939
"TR",2006,
"TR",2007,
"TR",2008,0.05986123
"TR",2009,
"TR",2010,0.04543356
"TR",2011,0.04142071
"TR",2012,0.03444351
"TR",2013,0.02893357
"TR",2014,
"TR",2015,0.02733615
"TR",2016,
"TR",2017,
"UA",1981,0.0858441
"UA",1982,
"UA",1983,
"UA",1984,0.06733455
"UA",1985,
"UA",1986,
"UA",1987,0.06625452
"UA",1988,
"UA",1989,
"UA",1990,0.0753417
"UA",1991,
"UA",1992,
"UA",1993,0.09573329
"UA",1994,
"UA",1995,
"UA",1996,0.2269719
"UA",1997,
"UA",1998,
"UA",1999,0.3700884
"UA",2000,
"UA",2001,
"UA",2002,0.1186507
"UA",2003,
"UA",2004,
"UA",2005,0.0264939
"UA",2006,
"UA",2007,
"UA",2008,0.004467123
"UA",2009,
"UA",2010,0.002971897
"UA",2011,0.001974417
"UA",2012,0.002198781
"UA",2013,0.001080389
"UA",2014,
"UA",2015,0.00514133
"UA",2016,
"UA",2017,
"GB",1981,0.01482358
"GB",1982,
"GB",1983,
"GB",1984,0.01249964
"GB",1985,
"GB",1986,
"GB",1987,0.009983938
"GB",1988,
"GB",1989,
"GB",1990,0.009983938
"GB",1991,
"GB",1992,
"GB",1993,0.009983938
"GB",1994,
"GB",1995,
"GB",1996,0.007339703
"GB",1997,
"GB",1998,
"GB",1999,0.007339703
"GB",2000,
"GB",2001,
"GB",2002,0.004933189
"GB",2003,
"GB",2004,
"GB",2005,0.007387759
"GB",2006,
"GB",2007,
"GB",2008,0.004944078
"GB",2009,
"GB",2010,0.002407848
"GB",2011,0.004960549
"GB",2012,0.002477915
"GB",2013,0.002400606
"GB",2014,
"GB",2015,0.002292044
"GB",2016,
"GB",2017,
"US",1981,0.008198549
"US",1982,
"US",1983,
"US",1984,0.007494142
"US",1985,
"US",1986,
"US",1987,0.00749796
"US",1988,
"US",1989,
"US",1990,0.007495232
"US",1991,
"US",1992,
"US",1993,0.009152806
"US",1994,
"US",1995,
"US",1996,0.009163229
"US",1997,
"US",1998,
"US",1999,0.009986653
"US",2000,
"US",2001,
"US",2002,0.01121707
"US",2003,
"US",2004,
"US",2005,0.01246475
"US",2006,
"US",2007,
"US",2008,0.01248748
"US",2009,
"US",2010,0.01248703
"US",2011,0.01248367
"US",2012,0.01248032
"US",2013,0.01247697
"US",2014,
"US",2015,0.01415764
"US",2016,
"US",2017,
"UY",1981,0.03278908
"UY",1982,
"UY",1983,
"UY",1984,0.06989905
"UY",1985,
"UY",1986,
"UY",1987,0.0298312
"UY",1988,
"UY",1989,
"UY",1990,0.0369685
"UY",1991,
"UY",1992,
"UY",1993,0.0280206
"UY",1994,
"UY",1995,
"UY",1996,0.02647358
"UY",1997,
"UY",1998,
"UY",1999,0.02421378
"UY",2000,
"UY",2001,
"UY",2002,0.06070241
"UY",2003,
"UY",2004,
"UY",2005,0.04292203
"UY",2006,
"UY",2007,
"UY",2008,0.01775602
"UY",2009,
"UY",2010,0.01274803
"UY",2011,0.009743043
"UY",2012,0.01078356
"UY",2013,0.008154316
"UY",2014,
"UY",2015,0.006357956
"UY",2016,
"UY",2017,
"UZ",1981,0.5680678
"UZ",1982,
"UZ",1983,
"UZ",1984,0.5924951
"UZ",1985,
"UZ",1986,
"UZ",1987,0.567762
"UZ",1988,
"UZ",1989,
"UZ",1990,0.5355419
"UZ",1991,
"UZ",1992,
"UZ",1993,0.6347876
"UZ",1994,
"UZ",1995,
"UZ",1996,0.6859244
"UZ",1997,
"UZ",1998,
"UZ",1999,0.7595268
"UZ",2000,
"UZ",2001,
"UZ",2002,0.8585766
"UZ",2003,
"UZ",2004,
"UZ",2005,0.8270604
"UZ",2006,
"UZ",2007,
"UZ",2008,0.7371444
"UZ",2009,
"UZ",2010,0.6684744
"UZ",2011,0.6385167
"UZ",2012,0.5940692
"UZ",2013,0.5506191
"UZ",2014,
"UZ",2015,0.4633645
"UZ",2016,
"UZ",2017,
"VU",1981,0.5099614
"VU",1982,
"VU",1983,
"VU",1984,0.3498099
"VU",1985,
"VU",1986,
"VU",1987,0.4028518
"VU",1988,
"VU",1989,
"VU",1990,0.3814107
"VU",1991,
"VU",1992,
"VU",1993,0.3971976
"VU",1994,
"VU",1995,
"VU",1996,0.3659639
"VU",1997,
"VU",1998,
"VU",1999,0.3419697
"VU",2000,
"VU",2001,
"VU",2002,0.4023119
"VU",2003,
"VU",2004,
"VU",2005,0.3844495
"VU",2006,
"VU",2007,
"VU",2008,0.3971976
"VU",2009,
"VU",2010,0.3948088
"VU",2011,0.3900845
"VU",2012,0.3855903
"VU",2013,0.3768164
"VU",2014,
"VU",2015,0.3882425
"VU",2016,
"VU",2017,
"VE",1981,0.1709555
"VE",1982,
"VE",1983,
"VE",1984,0.1924976
"VE",1985,
"VE",1986,
"VE",1987,0.1868128
"VE",1988,
"VE",1989,
"VE",1990,0.1348548
"VE",1991,
"VE",1992,
"VE",1993,0.137511
"VE",1994,
"VE",1995,
"VE",1996,0.253564
"VE",1997,
"VE",1998,
"VE",1999,0.2529875
"VE",2000,
"VE",2001,
"VE",2002,0.3292782
"VE",2003,
"VE",2004,
"VE",2005,0.2897507
"VE",2006,
"VE",2007,
"VE",2008,0.1434511
"VE",2009,
"VE",2010,0.1557231
"VE",2011,0.1519414
"VE",2012,0.1435806
"VE",2013,0.1387327
"VE",2014,
"VE",2015,0.1431765
"VE",2016,
"VE",2017,
"VN",1981,0.92999
"VN",1982,
"VN",1983,
"VN",1984,0.891902
"VN",1985,
"VN",1986,
"VN",1987,0.8836383
"VN",1988,
"VN",1989,
"VN",1990,0.8526385
"VN",1991,
"VN",1992,
"VN",1993,0.7962559
"VN",1994,
"VN",1995,
"VN",1996,0.7401263
"VN",1997,
"VN",1998,
"VN",1999,0.7121242
"VN",2000,
"VN",2001,
"VN",2002,0.7077067
"VN",2003,
"VN",2004,
"VN",2005,0.5586559
"VN",2006,
"VN",2007,
"VN",2008,0.4668467
"VN",2009,
"VN",2010,0.1731713
"VN",2011,0.1542812
"VN",2012,0.1338294
"VN",2013,0.1233016
"VN",2014,
"VN",2015,0.09530139
"VN",2016,
"VN",2017,
"YE",1981,0.5469774
"YE",1982,
"YE",1983,
"YE",1984,0.5497525
"YE",1985,
"YE",1986,
"YE",1987,0.3451931
"YE",1988,
"YE",1989,
"YE",1990,0.3464063
"YE",1991,
"YE",1992,
"YE",1993,0.3287913
"YE",1994,
"YE",1995,
"YE",1996,0.3065716
"YE",1997,
"YE",1998,
"YE",1999,0.2984634
"YE",2000,
"YE",2001,
"YE",2002,0.3432512
"YE",2003,
"YE",2004,
"YE",2005,0.3829769
"YE",2006,
"YE",2007,
"YE",2008,0.3972917
"YE",2009,
"YE",2010,0.3733489
"YE",2011,0.5027976
"YE",2012,0.5099176
"YE",2013,0.4888123
"YE",2014,
"YE",2015,0.7389189
"YE",2016,
"YE",2017,
"ZM",1981,0.6122843
"ZM",1982,
"ZM",1983,
"ZM",1984,0.6585382
"ZM",1985,
"ZM",1986,
"ZM",1987,0.6720877
"ZM",1988,
"ZM",1989,
"ZM",1990,0.6831811
"ZM",1991,
"ZM",1992,
"ZM",1993,0.7392895
"ZM",1994,
"ZM",1995,
"ZM",1996,0.6468524
"ZM",1997,
"ZM",1998,
"ZM",1999,0.6808016
"ZM",2000,
"ZM",2001,
"ZM",2002,0.7515562
"ZM",2003,
"ZM",2004,
"ZM",2005,0.7564528
"ZM",2006,
"ZM",2007,
"ZM",2008,0.7887172
"ZM",2009,
"ZM",2010,0.7974697
"ZM",2011,0.7847526
"ZM",2012,0.7664891
"ZM",2013,0.7552314
"ZM",2014,
"ZM",2015,0.7425013
"ZM",2016,
"ZM",2017,
"ZW",1981,0.2459549
"ZW",1982,
"ZW",1983,
"ZW",1984,0.2891992
"ZW",1985,
"ZW",1986,
"ZW",1987,0.2933235
"ZW",1988,
"ZW",1989,
"ZW",1990,0.2468881
"ZW",1991,
"ZW",1992,
"ZW",1993,0.2929053
"ZW",1994,
"ZW",1995,
"ZW",1996,0.2312113
"ZW",1997,
"ZW",1998,
"ZW",1999,0.2310577
"ZW",2000,
"ZW",2001,
"ZW",2002,0.2983063
"ZW",2003,
"ZW",2004,
"ZW",2005,0.473559
"ZW",2006,
"ZW",2007,
"ZW",2008,0.6375049
"ZW",2009,
"ZW",2010,0.5375935
"ZW",2011,0.4720614
"ZW",2012,0.4105225
"ZW",2013,0.3943851
"ZW",2014,
"ZW",2015,0.3991512
"ZW",2016,
"ZW",2017,
"BA",1981,
"BA",1982,
"BA",1983,
"BA",1984,0.1775132
"BA",1985,
"BA",1986,
"BA",1987,0.1605847
"BA",1988,
"BA",1989,
"BA",1990,0.3358384
"BA",1991,
"BA",1992,
"BA",1993,0.6438182
"BA",1994,
"BA",1995,
"BA",1996,0.1259534
"BA",1997,
"BA",1998,
"BA",1999,0.01400092
"BA",2000,
"BA",2001,
"BA",2002,0.009531072
"BA",2003,
"BA",2004,
"BA",2005,0.005850051
"BA",2006,
"BA",2007,
"BA",2008,0.004857929
"BA",2009,
"BA",2010,0.00703283
"BA",2011,0.007966824
"BA",2012,0.008078256
"BA",2013,0.008105932
"BA",2014,
"BA",2015,0.007763522
"BA",2016,
"BA",2017,
"LA",1981,
"LA",1982,
"LA",1983,
"LA",1984,0.7525772
"LA",1985,
"LA",1986,
"LA",1987,0.7535979
"LA",1988,
"LA",1989,
"LA",1990,0.7098165
"LA",1991,
"LA",1992,
"LA",1993,0.7077802
"LA",1994,
"LA",1995,
"LA",1996,0.776995
"LA",1997,
"LA",1998,
"LA",1999,0.7969956
"LA",2000,
"LA",2001,
"LA",2002,0.727359
"LA",2003,
"LA",2004,
"LA",2005,0.6892692
"LA",2006,
"LA",2007,
"LA",2008,0.6446729
"LA",2009,
"LA",2010,0.6199336
"LA",2011,0.6060588
"LA",2012,0.5914415
"LA",2013,0.5519148
"LA",2014,
"LA",2015,0.4648927
"LA",2016,
"LA",2017,
"MK",1981,
"MK",1982,
"MK",1983,
"MK",1984,0.07933182
"MK",1985,
"MK",1986,
"MK",1987,0.06933358
"MK",1988,
"MK",1989,
"MK",1990,0.09462141
"MK",1991,
"MK",1992,
"MK",1993,0.1208875
"MK",1994,
"MK",1995,
"MK",1996,0.09968101
"MK",1997,
"MK",1998,
"MK",1999,0.1529483
"MK",2000,
"MK",2001,
"MK",2002,0.06848514
"MK",2003,
"MK",2004,
"MK",2005,0.07083287
"MK",2006,
"MK",2007,
"MK",2008,0.04305824
"MK",2009,
"MK",2010,0.174182
"MK",2011,0.1600481
"MK",2012,0.1400497
"MK",2013,0.1200569
"MK",2014,
"MK",2015,0.1001868
"MK",2016,
"MK",2017,
"MD",1981,
"MD",1982,
"MD",1983,
"MD",1984,0.1919639
"MD",1985,
"MD",1986,
"MD",1987,0.1964495
"MD",1988,
"MD",1989,
"MD",1990,0.1109076
"MD",1991,
"MD",1992,
"MD",1993,0.357238
"MD",1994,
"MD",1995,
"MD",1996,0.4966633
"MD",1997,
"MD",1998,
"MD",1999,0.6998591
"MD",2000,
"MD",2001,
"MD",2002,0.4444053
"MD",2003,
"MD",2004,
"MD",2005,0.4042562
"MD",2006,
"MD",2007,
"MD",2008,0.09200923
"MD",2009,
"MD",2010,0.06062564
"MD",2011,0.04342153
"MD",2012,0.03416725
"MD",2013,0.0224068
"MD",2014,
"MD",2015,0.01415854
"MD",2016,
"MD",2017,
"ME",1981,
"ME",1982,
"ME",1983,
"ME",1984,0.005530889
"ME",1985,
"ME",1986,
"ME",1987,0.005530889
"ME",1988,
"ME",1989,
"ME",1990,0.008845445
"ME",1991,
"ME",1992,
"ME",1993,0.03768776
"ME",1994,
"ME",1995,
"ME",1996,0.02981762
"ME",1997,
"ME",1998,
"ME",1999,0.02870765
"ME",2000,
"ME",2001,
"ME",2002,0.02355276
"ME",2003,
"ME",2004,
"ME",2005,0.01582514
"ME",2006,
"ME",2007,
"ME",2008,0.004575585
"ME",2009,
"ME",2010,0.007678292
"ME",2011,0.01028734
"ME",2012,0.02135563
"ME",2013,0.02534403
"ME",2014,
"ME",2015,0.007016637
"ME",2016,
"ME",2017,
"RS",1981,
"RS",1982,
"RS",1983,
"RS",1984,0.01256475
"RS",1985,
"RS",1986,
"RS",1987,0.01198712
"RS",1988,
"RS",1989,
"RS",1990,0.01449341
"RS",1991,
"RS",1992,
"RS",1993,0.05553218
"RS",1994,
"RS",1995,
"RS",1996,0.03750891
"RS",1997,
"RS",1998,
"RS",1999,0.03452153
"RS",2000,
"RS",2001,
"RS",2002,0.01409075
"RS",2003,
"RS",2004,
"RS",2005,0.04118032
"RS",2006,
"RS",2007,
"RS",2008,0.009843489
"RS",2009,
"RS",2010,0.02114781
"RS",2011,0.01856985
"RS",2012,0.1048414
"RS",2013,0.01676795
"RS",2014,
"RS",2015,0.01080627
"RS",2016,
"RS",2017,
"SI",1981,
"SI",1982,
"SI",1983,
"SI",1984,0.0009334619
"SI",1985,
"SI",1986,
"SI",1987,0.0008751623
"SI",1988,
"SI",1989,
"SI",1990,0.001033392
"SI",1991,
"SI",1992,
"SI",1993,0.001081452
"SI",1994,
"SI",1995,
"SI",1996,0.001246966
"SI",1997,
"SI",1998,
"SI",1999,0.0008257306
"SI",2000,
"SI",2001,
"SI",2002,0.001342999
"SI",2003,
"SI",2004,
"SI",2005,0.002382335
"SI",2006,
"SI",2007,
"SI",2008,0
"SI",2009,
"SI",2010,0
"SI",2011,0
"SI",2012,0
"SI",2013,0
"SI",2014,
"SI",2015,0
"SI",2016,
"SI",2017,
"TJ",1981,
"TJ",1982,
"TJ",1983,
"TJ",1984,0.04151239
"TJ",1985,
"TJ",1986,
"TJ",1987,0.03887781
"TJ",1988,
"TJ",1989,
"TJ",1990,0.04151239
"TJ",1991,
"TJ",1992,
"TJ",1993,0.6533039
"TJ",1994,
"TJ",1995,
"TJ",1996,0.949231
"TJ",1997,
"TJ",1998,
"TJ",1999,0.8706921
"TJ",2000,
"TJ",2001,
"TJ",2002,0.7003893
"TJ",2003,
"TJ",2004,
"TJ",2005,0.4385847
"TJ",2006,
"TJ",2007,
"TJ",2008,0.2923613
"TJ",2009,
"TJ",2010,0.2453906
"TJ",2011,0.2396828
"TJ",2012,0.2373556
"TJ",2013,0.2333946
"TJ",2014,
"TJ",2015,0.2026677
"TJ",2016,
"TJ",2017,
"TM",1981,
"TM",1982,
"TM",1983,
"TM",1984,0.6650247
"TM",1985,
"TM",1986,
"TM",1987,0.6148956
"TM",1988,
"TM",1989,
"TM",1990,0.4541323
"TM",1991,
"TM",1992,
"TM",1993,0.6113082
"TM",1994,
"TM",1995,
"TM",1996,0.7441165
"TM",1997,
"TM",1998,
"TM",1999,0.7170391
"TM",2000,
"TM",2001,
"TM",2002,0.6847821
"TM",2003,
"TM",2004,
"TM",2005,0.593654
"TM",2006,
"TM",2007,
"TM",2008,0.4197076
"TM",2009,
"TM",2010,0.3562964
"TM",2011,0.2938792
"TM",2012,0.2526266
"TM",2013,0.2176536
"TM",2014,
"TM",2015,0.166866
"TM",2016,
"TM",2017,
"UG",1981,
"UG",1982,
"UG",1983,
"UG",1984,0.7915677
"UG",1985,
"UG",1986,
"UG",1987,0.8231111
"UG",1988,
"UG",1989,
"UG",1990,0.8150791
"UG",1991,
"UG",1992,
"UG",1993,0.8594887
"UG",1994,
"UG",1995,
"UG",1996,0.8511964
"UG",1997,
"UG",1998,
"UG",1999,0.8596122
"UG",2000,
"UG",2001,
"UG",2002,0.8468521
"UG",2003,
"UG",2004,
"UG",2005,0.8036389
"UG",2006,
"UG",2007,
"UG",2008,0.7419987
"UG",2009,
"UG",2010,0.7170447
"UG",2011,0.6880755
"UG",2012,0.6785542
"UG",2013,0.6807175
"UG",2014,
"UG",2015,0.6871286
"UG",2016,
"UG",2017,
"DJ",1981,
"DJ",1982,
"DJ",1983,
"DJ",1984,
"DJ",1985,
"DJ",1986,
"DJ",1987,
"DJ",1988,
"DJ",1989,
"DJ",1990,0.2744536
"DJ",1991,
"DJ",1992,
"DJ",1993,0.3582262
"DJ",1994,
"DJ",1995,
"DJ",1996,0.431508
"DJ",1997,
"DJ",1998,
"DJ",1999,0.4704658
"DJ",2000,
"DJ",2001,
"DJ",2002,0.4782376
"DJ",2003,
"DJ",2004,
"DJ",2005,0.4651002
"DJ",2006,
"DJ",2007,
"DJ",2008,0.4229235
"DJ",2009,
"DJ",2010,0.4087316
"DJ",2011,0.3963268
"DJ",2012,0.3873752
"DJ",2013,0.4460295
"DJ",2014,
"DJ",2015,0.3996898
"DJ",2016,
"DJ",2017,
"LB",1981,
"LB",1982,
"LB",1983,
"LB",1984,
"LB",1985,
"LB",1986,
"LB",1987,
"LB",1988,
"LB",1989,
"LB",1990,0.01682314
"LB",1991,
"LB",1992,
"LB",1993,0.000744657
"LB",1994,
"LB",1995,
"LB",1996,0.000744657
"LB",1997,
"LB",1998,
"LB",1999,0.000744657
"LB",2000,
"LB",2001,
"LB",2002,0.000744657
"LB",2003,
"LB",2004,
"LB",2005,0.003137713
"LB",2006,
"LB",2007,
"LB",2008,0.000744657
"LB",2009,
"LB",2010,0.0006112976
"LB",2011,0.0006112976
"LB",2012,0.0006112976
"LB",2013,0.000744657
"LB",2014,
"LB",2015,0.000744657
"LB",2016,
"LB",2017,
"FM",1981,
"FM",1982,
"FM",1983,
"FM",1984,
"FM",1985,
"FM",1986,
"FM",1987,0.3573978
"FM",1988,
"FM",1989,
"FM",1990,0.3401618
"FM",1991,
"FM",1992,
"FM",1993,0.2904851
"FM",1994,
"FM",1995,
"FM",1996,0.2924652
"FM",1997,
"FM",1998,
"FM",1999,0.3012282
"FM",2000,
"FM",2001,
"FM",2002,0.2601702
"FM",2003,
"FM",2004,
"FM",2005,0.2497535
"FM",2006,
"FM",2007,
"FM",2008,0.3181745
"FM",2009,
"FM",2010,0.330486
"FM",2011,0.3263418
"FM",2012,0.3555015
"FM",2013,0.3946563
"FM",2014,
"FM",2015,0.3866462
"FM",2016,
"FM",2017,
"SB",1981,
"SB",1982,
"SB",1983,
"SB",1984,
"SB",1985,
"SB",1986,
"SB",1987,
"SB",1988,
"SB",1989,
"SB",1990,0.6610223
"SB",1991,
"SB",1992,
"SB",1993,0.5977288
"SB",1994,
"SB",1995,
"SB",1996,0.5543219
"SB",1997,
"SB",1998,
"SB",1999,0.5901033
"SB",2000,
"SB",2001,
"SB",2002,0.7409313
"SB",2003,
"SB",2004,
"SB",2005,0.7056521
"SB",2006,
"SB",2007,
"SB",2008,0.6525518
"SB",2009,
"SB",2010,0.6543856
"SB",2011,0.6135903
"SB",2012,0.597247
"SB",2013,0.5875279
"SB",2014,
"SB",2015,0.5812215
"SB",2016,
"SB",2017,
"TV",1981,
"TV",1982,
"TV",1983,
"TV",1984,
"TV",1985,
"TV",1986,
"TV",1987,
"TV",1988,
"TV",1989,
"TV",1990,0.2878833
"TV",1991,
"TV",1992,
"TV",1993,0.2531025
"TV",1994,
"TV",1995,
"TV",1996,0.2621367
"TV",1997,
"TV",1998,
"TV",1999,0.168448
"TV",2000,
"TV",2001,
"TV",2002,0.1389409
"TV",2003,
"TV",2004,
"TV",2005,0.1955571
"TV",2006,
"TV",2007,
"TV",2008,0.1389409
"TV",2009,
"TV",2010,0.1757889
"TV",2011,0.1431638
"TV",2012,0.1489382
"TV",2013,0.1444471
"TV",2014,
"TV",2015,0.1389409
"TV",2016,
"TV",2017,
"HT",1981,
"HT",1982,
"HT",1983,
"HT",1984,
"HT",1985,
"HT",1986,
"HT",1987,
"HT",1988,
"HT",1989,
"HT",1990,
"HT",1991,
"HT",1992,
"HT",1993,
"HT",1994,
"HT",1995,
"HT",1996,0.7943496
"HT",1997,
"HT",1998,
"HT",1999,0.770149
"HT",2000,
"HT",2001,
"HT",2002,0.7519253
"HT",2003,
"HT",2004,
"HT",2005,0.7345212
"HT",2006,
"HT",2007,
"HT",2008,0.7262295
"HT",2009,
"HT",2010,0.6717503
"HT",2011,0.6829378
"HT",2012,0.4833683
"HT",2013,0.4747701
"HT",2014,
"HT",2015,0.48597
"HT",2016,
"HT",2017,
"XK",1981,
"XK",1982,
"XK",1983,
"XK",1984,
"XK",1985,
"XK",1986,
"XK",1987,
"XK",1988,
"XK",1989,
"XK",1990,
"XK",1991,
"XK",1992,
"XK",1993,
"XK",1994,
"XK",1995,
"XK",1996,0.3801999
"XK",1997,
"XK",1998,
"XK",1999,0.3962297
"XK",2000,
"XK",2001,
"XK",2002,0.1886481
"XK",2003,
"XK",2004,
"XK",2005,0.1728217
"XK",2006,
"XK",2007,
"XK",2008,0.1323726
"XK",2009,
"XK",2010,0.1347203
"XK",2011,0.09585901
"XK",2012,0.05428275
"XK",2013,0.03114887
"XK",2014,
"XK",2015,0.02910723
"XK",2016,
"XK",2017,
"MV",1981,
"MV",1982,
"MV",1983,
"MV",1984,
"MV",1985,
"MV",1986,
"MV",1987,
"MV",1988,
"MV",1989,
"MV",1990,
"MV",1991,
"MV",1992,
"MV",1993,
"MV",1994,
"MV",1995,
"MV",1996,0.5279848
"MV",1997,
"MV",1998,
"MV",1999,0.4180944
"MV",2000,
"MV",2001,
"MV",2002,0.4197091
"MV",2003,
"MV",2004,
"MV",2005,0.4098549
"MV",2006,
"MV",2007,
"MV",2008,0.2137914
"MV",2009,
"MV",2010,0.2349603
"MV",2011,0.2175832
"MV",2012,0.2179157
"MV",2013,0.2014248
"MV",2014,
"MV",2015,0.1820647
"MV",2016,
"MV",2017,
"PS",1981,
"PS",1982,
"PS",1983,
"PS",1984,
"PS",1985,
"PS",1986,
"PS",1987,
"PS",1988,
"PS",1989,
"PS",1990,
"PS",1991,
"PS",1992,
"PS",1993,
"PS",1994,
"PS",1995,
"PS",1996,0.06842898
"PS",1997,
"PS",1998,
"PS",1999,0.03986614
"PS",2000,
"PS",2001,
"PS",2002,0.1005171
"PS",2003,
"PS",2004,
"PS",2005,0.05672754
"PS",2006,
"PS",2007,
"PS",2008,0.0576891
"PS",2009,
"PS",2010,0.03718462
"PS",2011,0.03354574
"PS",2012,0.02453292
"PS",2013,0.03726212
"PS",2014,
"PS",2015,0.03630462
"PS",2016,
"PS",2017,
"ST",1981,
"ST",1982,
"ST",1983,
"ST",1984,
"ST",1985,
"ST",1986,
"ST",1987,
"ST",1988,
"ST",1989,
"ST",1990,
"ST",1991,
"ST",1992,
"ST",1993,
"ST",1994,
"ST",1995,
"ST",1996,
"ST",1997,
"ST",1998,
"ST",1999,
"ST",2000,
"ST",2001,
"ST",2002,0.6691718
"ST",2003,
"ST",2004,
"ST",2005,0.677863
"ST",2006,
"ST",2007,
"ST",2008,0.6806825
"ST",2009,
"ST",2010,0.7007761
"ST",2011,0.6867721
"ST",2012,0.6817007
"ST",2013,0.6644273
"ST",2014,
"ST",2015,0.6279089
"ST",2016,
"ST",2017,
"SS",1981,
"SS",1982,
"SS",1983,
"SS",1984,
"SS",1985,
"SS",1986,
"SS",1987,
"SS",1988,
"SS",1989,
"SS",1990,
"SS",1991,
"SS",1992,
"SS",1993,
"SS",1994,
"SS",1995,
"SS",1996,
"SS",1997,
"SS",1998,
"SS",1999,
"SS",2000,
"SS",2001,
"SS",2002,
"SS",2003,
"SS",2004,
"SS",2005,
"SS",2006,
"SS",2007,
"SS",2008,0.6504845
"SS",2009,
"SS",2010,0.6423946
"SS",2011,0.6778273
"SS",2012,0.8941601
"SS",2013,0.8725651
"SS",2014,
"SS",2015,0.8945575
"SS",2016,
"SS",2017,
